{
  "ExpressionLimit": {"Type": "First"},
  "CollapseSettings": {
    "CollapseType": "ERA",
    "EraPad": 0
  },
  "CensorWindow": {
    "StartDate": null,
    "EndDate": null
  },
  "ConceptSets": [
    {
      "expression": {"items": [{
        "isExcluded": false,
        "concept": {
          "INVALID_REASON_CAPTION": "Valid",
          "CONCEPT_ID": 1112807,
          "STANDARD_CONCEPT": "S",
          "CONCEPT_CODE": "1191",
          "VOCABULARY_ID": "RxNorm",
          "CONCEPT_NAME": "Aspirin",
          "DOMAIN_ID": "Drug",
          "STANDARD_CONCEPT_CAPTION": "Standard",
          "CONCEPT_CLASS_ID": "Ingredient",
          "INVALID_REASON": "V"
        },
        "includeMapped": false,
        "includeDescendants": false
      }]},
      "name": "Aspirin (EHDEN Use Case)",
      "id": 0
    },
    {
      "expression": {"items": [
        {
          "isExcluded": false,
          "concept": {
            "INVALID_REASON_CAPTION": "Valid",
            "CONCEPT_ID": 262,
            "STANDARD_CONCEPT": "S",
            "CONCEPT_CODE": "ERIP",
            "VOCABULARY_ID": "Visit",
            "CONCEPT_NAME": "Emergency Room and Inpatient Visit",
            "DOMAIN_ID": "Visit",
            "STANDARD_CONCEPT_CAPTION": "Standard",
            "CONCEPT_CLASS_ID": "Visit",
            "INVALID_REASON": "V"
          },
          "includeMapped": false,
          "includeDescendants": true
        },
        {
          "isExcluded": false,
          "concept": {
            "INVALID_REASON_CAPTION": "Valid",
            "CONCEPT_ID": 9201,
            "STANDARD_CONCEPT": "S",
            "CONCEPT_CODE": "IP",
            "VOCABULARY_ID": "Visit",
            "CONCEPT_NAME": "Inpatient Visit",
            "DOMAIN_ID": "Visit",
            "STANDARD_CONCEPT_CAPTION": "Standard",
            "CONCEPT_CLASS_ID": "Visit",
            "INVALID_REASON": "V"
          },
          "includeMapped": false,
          "includeDescendants": true
        }
      ]},
      "name": "Inpatient Visit (EHDEN Use Case)",
      "id": 1
    },
    {
      "expression": {"items": [{
        "isExcluded": false,
        "concept": {
          "INVALID_REASON_CAPTION": "Valid",
          "CONCEPT_ID": 4203130,
          "STANDARD_CONCEPT": "S",
          "CONCEPT_CODE": "308283009",
          "VOCABULARY_ID": "SNOMED",
          "CONCEPT_NAME": "Discharge from hospital",
          "DOMAIN_ID": "Observation",
          "STANDARD_CONCEPT_CAPTION": "Standard",
          "CONCEPT_CLASS_ID": "Procedure",
          "INVALID_REASON": "V"
        },
        "includeMapped": false,
        "includeDescendants": true
      }]},
      "name": "Discharge from Hospital (EHDEN Use Case)",
      "id": 4
    },
    {
      "expression": {"items": [{
        "isExcluded": false,
        "concept": {
          "INVALID_REASON_CAPTION": "Valid",
          "CONCEPT_ID": 37310282,
          "STANDARD_CONCEPT": "N",
          "CONCEPT_CODE": "1240581000000104",
          "VOCABULARY_ID": "SNOMED",
          "CONCEPT_NAME": "Severe acute respiratory syndrome coronavirus 2 detected",
          "DOMAIN_ID": "Measurement",
          "STANDARD_CONCEPT_CAPTION": "Non-Standard",
          "CONCEPT_CLASS_ID": "Clinical Finding",
          "INVALID_REASON": "V"
        },
        "includeMapped": false,
        "includeDescendants": true
      }]},
      "name": "SARS-CoV-2 positive test measurement pre-coordinated (EHDEN Use Case)",
      "id": 5
    },
    {
      "expression": {"items": [
        {
          "isExcluded": false,
          "concept": {
            "INVALID_REASON_CAPTION": "Valid",
            "CONCEPT_ID": 756055,
            "STANDARD_CONCEPT": "S",
            "CONCEPT_CODE": "OMOP4873969",
            "VOCABULARY_ID": "OMOP Extension",
            "CONCEPT_NAME": "Measurement of Severe acute respiratory syndrome coronavirus 2 (SARS-CoV-2)",
            "DOMAIN_ID": "Measurement",
            "STANDARD_CONCEPT_CAPTION": "Standard",
            "CONCEPT_CLASS_ID": "Lab Test",
            "INVALID_REASON": "V"
          },
          "includeMapped": false,
          "includeDescendants": true
        },
        {
          "isExcluded": true,
          "concept": {
            "INVALID_REASON_CAPTION": "Valid",
            "CONCEPT_ID": 37310281,
            "STANDARD_CONCEPT": "N",
            "CONCEPT_CODE": "1240591000000102",
            "VOCABULARY_ID": "SNOMED",
            "CONCEPT_NAME": "Severe acute respiratory syndrome coronavirus 2 not detected",
            "DOMAIN_ID": "Measurement",
            "STANDARD_CONCEPT_CAPTION": "Non-Standard",
            "CONCEPT_CLASS_ID": "Clinical Finding",
            "INVALID_REASON": "V"
          },
          "includeMapped": false,
          "includeDescendants": true
        }
      ]},
      "name": "SARS-CoV-2 test measurement (EHDEN Use Case)",
      "id": 6
    },
    {
      "expression": {"items": [
        {
          "isExcluded": false,
          "concept": {
            "INVALID_REASON_CAPTION": "Valid",
            "CONCEPT_ID": 37311061,
            "STANDARD_CONCEPT": "S",
            "CONCEPT_CODE": "840539006",
            "VOCABULARY_ID": "SNOMED",
            "CONCEPT_NAME": "COVID-19",
            "DOMAIN_ID": "Condition",
            "STANDARD_CONCEPT_CAPTION": "Standard",
            "CONCEPT_CLASS_ID": "Clinical Finding",
            "INVALID_REASON": "V"
          },
          "includeMapped": false,
          "includeDescendants": true
        },
        {
          "isExcluded": false,
          "concept": {
            "INVALID_REASON_CAPTION": "Valid",
            "CONCEPT_ID": 4100065,
            "STANDARD_CONCEPT": "S",
            "CONCEPT_CODE": "27619001",
            "VOCABULARY_ID": "SNOMED",
            "CONCEPT_NAME": "Disease due to Coronaviridae",
            "DOMAIN_ID": "Condition",
            "STANDARD_CONCEPT_CAPTION": "Standard",
            "CONCEPT_CLASS_ID": "Clinical Finding",
            "INVALID_REASON": "V"
          },
          "includeMapped": false,
          "includeDescendants": true
        },
        {
          "isExcluded": false,
          "concept": {
            "INVALID_REASON_CAPTION": "Valid",
            "CONCEPT_ID": 439676,
            "STANDARD_CONCEPT": "S",
            "CONCEPT_CODE": "186747009",
            "VOCABULARY_ID": "SNOMED",
            "CONCEPT_NAME": "Coronavirus infection",
            "DOMAIN_ID": "Condition",
            "STANDARD_CONCEPT_CAPTION": "Standard",
            "CONCEPT_CLASS_ID": "Clinical Finding",
            "INVALID_REASON": "V"
          },
          "includeMapped": false,
          "includeDescendants": true
        },
        {
          "isExcluded": false,
          "concept": {
            "INVALID_REASON_CAPTION": "Valid",
            "CONCEPT_ID": 37311060,
            "STANDARD_CONCEPT": "S",
            "CONCEPT_CODE": "840544004",
            "VOCABULARY_ID": "SNOMED",
            "CONCEPT_NAME": "Suspected COVID-19",
            "DOMAIN_ID": "Observation",
            "STANDARD_CONCEPT_CAPTION": "Standard",
            "CONCEPT_CLASS_ID": "Context-dependent",
            "INVALID_REASON": "V"
          },
          "includeMapped": false,
          "includeDescendants": true
        }
      ]},
      "name": "COVID-19 conditions (EHDEN Use Case)",
      "id": 7
    },
    {
      "expression": {"items": [
        {
          "isExcluded": false,
          "concept": {
            "INVALID_REASON_CAPTION": "Valid",
            "CONCEPT_ID": 4230167,
            "STANDARD_CONCEPT": "S",
            "CONCEPT_CODE": "40617009",
            "VOCABULARY_ID": "SNOMED",
            "CONCEPT_NAME": "Artificial respiration",
            "DOMAIN_ID": "Procedure",
            "STANDARD_CONCEPT_CAPTION": "Standard",
            "CONCEPT_CLASS_ID": "Procedure",
            "INVALID_REASON": "V"
          },
          "includeMapped": false,
          "includeDescendants": true
        },
        {
          "isExcluded": true,
          "concept": {
            "INVALID_REASON_CAPTION": "Valid",
            "CONCEPT_ID": 4031379,
            "STANDARD_CONCEPT": "S",
            "CONCEPT_CODE": "129896002",
            "VOCABULARY_ID": "SNOMED",
            "CONCEPT_NAME": "Artificial ventilation finding",
            "DOMAIN_ID": "Condition",
            "STANDARD_CONCEPT_CAPTION": "Standard",
            "CONCEPT_CLASS_ID": "Clinical Finding",
            "INVALID_REASON": "V"
          },
          "includeMapped": false,
          "includeDescendants": true
        },
        {
          "isExcluded": false,
          "concept": {
            "INVALID_REASON_CAPTION": "Valid",
            "CONCEPT_ID": 40481547,
            "STANDARD_CONCEPT": "S",
            "CONCEPT_CODE": "444932008",
            "VOCABULARY_ID": "SNOMED",
            "CONCEPT_NAME": "Dependence on ventilator",
            "DOMAIN_ID": "Condition",
            "STANDARD_CONCEPT_CAPTION": "Standard",
            "CONCEPT_CLASS_ID": "Clinical Finding",
            "INVALID_REASON": "V"
          },
          "includeMapped": false,
          "includeDescendants": true
        },
        {
          "isExcluded": true,
          "concept": {
            "INVALID_REASON_CAPTION": "Valid",
            "CONCEPT_ID": 4074663,
            "STANDARD_CONCEPT": "S",
            "CONCEPT_CODE": "243145001",
            "VOCABULARY_ID": "SNOMED",
            "CONCEPT_NAME": "Diaphragmatic augmentation",
            "DOMAIN_ID": "Procedure",
            "STANDARD_CONCEPT_CAPTION": "Standard",
            "CONCEPT_CLASS_ID": "Procedure",
            "INVALID_REASON": "V"
          },
          "includeMapped": false,
          "includeDescendants": true
        },
        {
          "isExcluded": false,
          "concept": {
            "INVALID_REASON_CAPTION": "Valid",
            "CONCEPT_ID": 4080957,
            "STANDARD_CONCEPT": "S",
            "CONCEPT_CODE": "182686001",
            "VOCABULARY_ID": "SNOMED",
            "CONCEPT_NAME": "Endotracheal respiratory assistance",
            "DOMAIN_ID": "Procedure",
            "STANDARD_CONCEPT_CAPTION": "Standard",
            "CONCEPT_CLASS_ID": "Procedure",
            "INVALID_REASON": "V"
          },
          "includeMapped": false,
          "includeDescendants": true
        },
        {
          "isExcluded": false,
          "concept": {
            "INVALID_REASON_CAPTION": "Valid",
            "CONCEPT_ID": 4168966,
            "STANDARD_CONCEPT": "S",
            "CONCEPT_CODE": "419991009",
            "VOCABULARY_ID": "SNOMED",
            "CONCEPT_NAME": "Endotracheal tube present",
            "DOMAIN_ID": "Observation",
            "STANDARD_CONCEPT_CAPTION": "Standard",
            "CONCEPT_CLASS_ID": "Clinical Finding",
            "INVALID_REASON": "V"
          },
          "includeMapped": false,
          "includeDescendants": true
        },
        {
          "isExcluded": true,
          "concept": {
            "INVALID_REASON_CAPTION": "Valid",
            "CONCEPT_ID": 4348300,
            "STANDARD_CONCEPT": "S",
            "CONCEPT_CODE": "243180002",
            "VOCABULARY_ID": "SNOMED",
            "CONCEPT_NAME": "Expired air ventilation",
            "DOMAIN_ID": "Procedure",
            "STANDARD_CONCEPT_CAPTION": "Standard",
            "CONCEPT_CLASS_ID": "Procedure",
            "INVALID_REASON": "V"
          },
          "includeMapped": false,
          "includeDescendants": true
        },
        {
          "isExcluded": true,
          "concept": {
            "INVALID_REASON_CAPTION": "Valid",
            "CONCEPT_ID": 4021786,
            "STANDARD_CONCEPT": "S",
            "CONCEPT_CODE": "225627007",
            "VOCABULARY_ID": "SNOMED",
            "CONCEPT_NAME": "Fear of disconnection from ventilator",
            "DOMAIN_ID": "Condition",
            "STANDARD_CONCEPT_CAPTION": "Standard",
            "CONCEPT_CLASS_ID": "Clinical Finding",
            "INVALID_REASON": "V"
          },
          "includeMapped": false,
          "includeDescendants": true
        },
        {
          "isExcluded": true,
          "concept": {
            "INVALID_REASON_CAPTION": "Valid",
            "CONCEPT_ID": 2108642,
            "STANDARD_CONCEPT": "S",
            "CONCEPT_CODE": "41145",
            "VOCABULARY_ID": "CPT4",
            "CONCEPT_NAME": "Glossectomy; complete or total, with or without tracheostomy, with unilateral radical neck dissection",
            "DOMAIN_ID": "Procedure",
            "STANDARD_CONCEPT_CAPTION": "Standard",
            "CONCEPT_CLASS_ID": "CPT4",
            "INVALID_REASON": "V"
          },
          "includeMapped": false,
          "includeDescendants": true
        },
        {
          "isExcluded": true,
          "concept": {
            "INVALID_REASON_CAPTION": "Valid",
            "CONCEPT_ID": 2108641,
            "STANDARD_CONCEPT": "S",
            "CONCEPT_CODE": "41140",
            "VOCABULARY_ID": "CPT4",
            "CONCEPT_NAME": "Glossectomy; complete or total, with or without tracheostomy, without radical neck dissection",
            "DOMAIN_ID": "Procedure",
            "STANDARD_CONCEPT_CAPTION": "Standard",
            "CONCEPT_CLASS_ID": "CPT4",
            "INVALID_REASON": "V"
          },
          "includeMapped": false,
          "includeDescendants": true
        },
        {
          "isExcluded": false,
          "concept": {
            "INVALID_REASON_CAPTION": "Valid",
            "CONCEPT_ID": 4232550,
            "STANDARD_CONCEPT": "S",
            "CONCEPT_CODE": "439887005",
            "VOCABULARY_ID": "SNOMED",
            "CONCEPT_NAME": "Home visit for mechanical ventilation care",
            "DOMAIN_ID": "Observation",
            "STANDARD_CONCEPT_CAPTION": "Standard",
            "CONCEPT_CLASS_ID": "Procedure",
            "INVALID_REASON": "V"
          },
          "includeMapped": false,
          "includeDescendants": true
        },
        {
          "isExcluded": false,
          "concept": {
            "INVALID_REASON_CAPTION": "Valid",
            "CONCEPT_ID": 4235361,
            "STANDARD_CONCEPT": "S",
            "CONCEPT_CODE": "438603002",
            "VOCABULARY_ID": "SNOMED",
            "CONCEPT_NAME": "Hyperventilation therapy for traumatic brain injury",
            "DOMAIN_ID": "Procedure",
            "STANDARD_CONCEPT_CAPTION": "Standard",
            "CONCEPT_CLASS_ID": "Procedure",
            "INVALID_REASON": "V"
          },
          "includeMapped": false,
          "includeDescendants": true
        },
        {
          "isExcluded": true,
          "concept": {
            "INVALID_REASON_CAPTION": "Valid",
            "CONCEPT_ID": 4107247,
            "STANDARD_CONCEPT": "S",
            "CONCEPT_CODE": "30050007",
            "VOCABULARY_ID": "SNOMED",
            "CONCEPT_NAME": "Inhalation anesthesia, machine system, semi-closed, no rebreathing of primary agent",
            "DOMAIN_ID": "Procedure",
            "STANDARD_CONCEPT_CAPTION": "Standard",
            "CONCEPT_CLASS_ID": "Procedure",
            "INVALID_REASON": "V"
          },
          "includeMapped": false,
          "includeDescendants": true
        },
        {
          "isExcluded": false,
          "concept": {
            "INVALID_REASON_CAPTION": "Valid",
            "CONCEPT_ID": 37116689,
            "STANDARD_CONCEPT": "S",
            "CONCEPT_CODE": "733496000",
            "VOCABULARY_ID": "SNOMED",
            "CONCEPT_NAME": "Insertion of endotracheal ventilation catheter",
            "DOMAIN_ID": "Procedure",
            "STANDARD_CONCEPT_CAPTION": "Standard",
            "CONCEPT_CLASS_ID": "Procedure",
            "INVALID_REASON": "V"
          },
          "includeMapped": false,
          "includeDescendants": true
        },
        {
          "isExcluded": false,
          "concept": {
            "INVALID_REASON_CAPTION": "Valid",
            "CONCEPT_ID": 40487536,
            "STANDARD_CONCEPT": "S",
            "CONCEPT_CODE": "447996002",
            "VOCABULARY_ID": "SNOMED",
            "CONCEPT_NAME": "Intubation of respiratory tract",
            "DOMAIN_ID": "Procedure",
            "STANDARD_CONCEPT_CAPTION": "Standard",
            "CONCEPT_CLASS_ID": "Procedure",
            "INVALID_REASON": "V"
          },
          "includeMapped": false,
          "includeDescendants": true
        },
        {
          "isExcluded": false,
          "concept": {
            "INVALID_REASON_CAPTION": "Valid",
            "CONCEPT_ID": 4332501,
            "STANDARD_CONCEPT": "S",
            "CONCEPT_CODE": "430191008",
            "VOCABULARY_ID": "SNOMED",
            "CONCEPT_NAME": "Management of noninvasive mechanical ventilation",
            "DOMAIN_ID": "Procedure",
            "STANDARD_CONCEPT_CAPTION": "Standard",
            "CONCEPT_CLASS_ID": "Procedure",
            "INVALID_REASON": "V"
          },
          "includeMapped": false,
          "includeDescendants": true
        },
        {
          "isExcluded": false,
          "concept": {
            "INVALID_REASON_CAPTION": "Valid",
            "CONCEPT_ID": 37206832,
            "STANDARD_CONCEPT": "S",
            "CONCEPT_CODE": "787180006",
            "VOCABULARY_ID": "SNOMED",
            "CONCEPT_NAME": "Mechanical insufflation exsufflation",
            "DOMAIN_ID": "Procedure",
            "STANDARD_CONCEPT_CAPTION": "Standard",
            "CONCEPT_CLASS_ID": "Procedure",
            "INVALID_REASON": "V"
          },
          "includeMapped": false,
          "includeDescendants": true
        },
        {
          "isExcluded": true,
          "concept": {
            "INVALID_REASON_CAPTION": "Valid",
            "CONCEPT_ID": 4232891,
            "STANDARD_CONCEPT": "S",
            "CONCEPT_CODE": "404997003",
            "VOCABULARY_ID": "SNOMED",
            "CONCEPT_NAME": "Mechanical ventilation response",
            "DOMAIN_ID": "Observation",
            "STANDARD_CONCEPT_CAPTION": "Standard",
            "CONCEPT_CLASS_ID": "Observable Entity",
            "INVALID_REASON": "V"
          },
          "includeMapped": false,
          "includeDescendants": true
        },
        {
          "isExcluded": false,
          "concept": {
            "INVALID_REASON_CAPTION": "Valid",
            "CONCEPT_ID": 765576,
            "STANDARD_CONCEPT": "S",
            "CONCEPT_CODE": "450601000124103",
            "VOCABULARY_ID": "SNOMED",
            "CONCEPT_NAME": "Orotracheal intubation using bougie device",
            "DOMAIN_ID": "Procedure",
            "STANDARD_CONCEPT_CAPTION": "Standard",
            "CONCEPT_CLASS_ID": "Procedure",
            "INVALID_REASON": "V"
          },
          "includeMapped": false,
          "includeDescendants": true
        },
        {
          "isExcluded": false,
          "concept": {
            "INVALID_REASON_CAPTION": "Valid",
            "CONCEPT_ID": 44509482,
            "STANDARD_CONCEPT": "S",
            "CONCEPT_CODE": "E85.8",
            "VOCABULARY_ID": "OPCS4",
            "CONCEPT_NAME": "Other specified ventilation support",
            "DOMAIN_ID": "Procedure",
            "STANDARD_CONCEPT_CAPTION": "Standard",
            "CONCEPT_CLASS_ID": "Procedure",
            "INVALID_REASON": "V"
          },
          "includeMapped": false,
          "includeDescendants": true
        },
        {
          "isExcluded": false,
          "concept": {
            "INVALID_REASON_CAPTION": "Valid",
            "CONCEPT_ID": 2108681,
            "STANDARD_CONCEPT": "S",
            "CONCEPT_CODE": "4168F",
            "VOCABULARY_ID": "CPT4",
            "CONCEPT_NAME": "Patient receiving care in the intensive care unit (ICU) and receiving mechanical ventilation, 24 hours or less (CRIT)",
            "DOMAIN_ID": "Observation",
            "STANDARD_CONCEPT_CAPTION": "Standard",
            "CONCEPT_CLASS_ID": "CPT4",
            "INVALID_REASON": "V"
          },
          "includeMapped": false,
          "includeDescendants": true
        },
        {
          "isExcluded": false,
          "concept": {
            "INVALID_REASON_CAPTION": "Valid",
            "CONCEPT_ID": 4219858,
            "STANDARD_CONCEPT": "S",
            "CONCEPT_CODE": "397846002",
            "VOCABULARY_ID": "SNOMED",
            "CONCEPT_NAME": "Problem with patient ventilator",
            "DOMAIN_ID": "Observation",
            "STANDARD_CONCEPT_CAPTION": "Standard",
            "CONCEPT_CLASS_ID": "Clinical Finding",
            "INVALID_REASON": "V"
          },
          "includeMapped": false,
          "includeDescendants": true
        },
        {
          "isExcluded": true,
          "concept": {
            "INVALID_REASON_CAPTION": "Valid",
            "CONCEPT_ID": 44808555,
            "STANDARD_CONCEPT": "S",
            "CONCEPT_CODE": "859311000000101",
            "VOCABULARY_ID": "SNOMED",
            "CONCEPT_NAME": "Provision of mechanical ventilator",
            "DOMAIN_ID": "Procedure",
            "STANDARD_CONCEPT_CAPTION": "Standard",
            "CONCEPT_CLASS_ID": "Procedure",
            "INVALID_REASON": "V"
          },
          "includeMapped": false,
          "includeDescendants": true
        },
        {
          "isExcluded": false,
          "concept": {
            "INVALID_REASON_CAPTION": "Valid",
            "CONCEPT_ID": 2788037,
            "STANDARD_CONCEPT": "S",
            "CONCEPT_CODE": "5A1945Z",
            "VOCABULARY_ID": "ICD10PCS",
            "CONCEPT_NAME": "Respiratory Ventilation, 24-96 Consecutive Hours",
            "DOMAIN_ID": "Procedure",
            "STANDARD_CONCEPT_CAPTION": "Standard",
            "CONCEPT_CLASS_ID": "ICD10PCS",
            "INVALID_REASON": "V"
          },
          "includeMapped": false,
          "includeDescendants": true
        },
        {
          "isExcluded": false,
          "concept": {
            "INVALID_REASON_CAPTION": "Valid",
            "CONCEPT_ID": 2788038,
            "STANDARD_CONCEPT": "S",
            "CONCEPT_CODE": "5A1955Z",
            "VOCABULARY_ID": "ICD10PCS",
            "CONCEPT_NAME": "Respiratory Ventilation, Greater than 96 Consecutive Hours",
            "DOMAIN_ID": "Procedure",
            "STANDARD_CONCEPT_CAPTION": "Standard",
            "CONCEPT_CLASS_ID": "ICD10PCS",
            "INVALID_REASON": "V"
          },
          "includeMapped": false,
          "includeDescendants": true
        },
        {
          "isExcluded": false,
          "concept": {
            "INVALID_REASON_CAPTION": "Valid",
            "CONCEPT_ID": 2788036,
            "STANDARD_CONCEPT": "S",
            "CONCEPT_CODE": "5A1935Z",
            "VOCABULARY_ID": "ICD10PCS",
            "CONCEPT_NAME": "Respiratory Ventilation, Less than 24 Consecutive Hours",
            "DOMAIN_ID": "Procedure",
            "STANDARD_CONCEPT_CAPTION": "Standard",
            "CONCEPT_CLASS_ID": "ICD10PCS",
            "INVALID_REASON": "V"
          },
          "includeMapped": false,
          "includeDescendants": true
        },
        {
          "isExcluded": true,
          "concept": {
            "INVALID_REASON_CAPTION": "Valid",
            "CONCEPT_ID": 4006318,
            "STANDARD_CONCEPT": "S",
            "CONCEPT_CODE": "11140008",
            "VOCABULARY_ID": "SNOMED",
            "CONCEPT_NAME": "Respiratory assist, manual",
            "DOMAIN_ID": "Procedure",
            "STANDARD_CONCEPT_CAPTION": "Standard",
            "CONCEPT_CLASS_ID": "Procedure",
            "INVALID_REASON": "V"
          },
          "includeMapped": false,
          "includeDescendants": true
        },
        {
          "isExcluded": true,
          "concept": {
            "INVALID_REASON_CAPTION": "Valid",
            "CONCEPT_ID": 4254108,
            "STANDARD_CONCEPT": "S",
            "CONCEPT_CODE": "74596007",
            "VOCABULARY_ID": "SNOMED",
            "CONCEPT_NAME": "Resuscitation with artificial respiration",
            "DOMAIN_ID": "Procedure",
            "STANDARD_CONCEPT_CAPTION": "Standard",
            "CONCEPT_CLASS_ID": "Procedure",
            "INVALID_REASON": "V"
          },
          "includeMapped": false,
          "includeDescendants": true
        },
        {
          "isExcluded": false,
          "concept": {
            "INVALID_REASON_CAPTION": "Valid",
            "CONCEPT_ID": 45887795,
            "STANDARD_CONCEPT": "C",
            "CONCEPT_CODE": "1014859",
            "VOCABULARY_ID": "CPT4",
            "CONCEPT_NAME": "Ventilation assist and management, initiation of pressure or volume preset ventilators for assisted or controlled breathing",
            "DOMAIN_ID": "Procedure",
            "STANDARD_CONCEPT_CAPTION": "Classification",
            "CONCEPT_CLASS_ID": "CPT4 Hierarchy",
            "INVALID_REASON": "V"
          },
          "includeMapped": false,
          "includeDescendants": true
        },
        {
          "isExcluded": false,
          "concept": {
            "INVALID_REASON_CAPTION": "Valid",
            "CONCEPT_ID": 42738852,
            "STANDARD_CONCEPT": "S",
            "CONCEPT_CODE": "94656",
            "VOCABULARY_ID": "CPT4",
            "CONCEPT_NAME": "Ventilation assist and management, initiation of pressure or volume preset ventilators for assisted or controlled breathing; first day (Deprecated)",
            "DOMAIN_ID": "Procedure",
            "STANDARD_CONCEPT_CAPTION": "Standard",
            "CONCEPT_CLASS_ID": "CPT4",
            "INVALID_REASON": "V"
          },
          "includeMapped": false,
          "includeDescendants": true
        },
        {
          "isExcluded": false,
          "concept": {
            "INVALID_REASON_CAPTION": "Valid",
            "CONCEPT_ID": 42738853,
            "STANDARD_CONCEPT": "S",
            "CONCEPT_CODE": "94657",
            "VOCABULARY_ID": "CPT4",
            "CONCEPT_NAME": "Ventilation assist and management, initiation of pressure or volume preset ventilators for assisted or controlled breathing; subsequent days (Deprecated)",
            "DOMAIN_ID": "Procedure",
            "STANDARD_CONCEPT_CAPTION": "Standard",
            "CONCEPT_CLASS_ID": "CPT4",
            "INVALID_REASON": "V"
          },
          "includeMapped": false,
          "includeDescendants": true
        },
        {
          "isExcluded": false,
          "concept": {
            "INVALID_REASON_CAPTION": "Valid",
            "CONCEPT_ID": 4237618,
            "STANDARD_CONCEPT": "S",
            "CONCEPT_CODE": "409025002",
            "VOCABULARY_ID": "SNOMED",
            "CONCEPT_NAME": "Ventilator care",
            "DOMAIN_ID": "Observation",
            "STANDARD_CONCEPT_CAPTION": "Standard",
            "CONCEPT_CLASS_ID": "Procedure",
            "INVALID_REASON": "V"
          },
          "includeMapped": false,
          "includeDescendants": true
        },
        {
          "isExcluded": true,
          "concept": {
            "INVALID_REASON_CAPTION": "Valid",
            "CONCEPT_ID": 4259233,
            "STANDARD_CONCEPT": "S",
            "CONCEPT_CODE": "410208007",
            "VOCABULARY_ID": "SNOMED",
            "CONCEPT_NAME": "Ventilator care assessment",
            "DOMAIN_ID": "Procedure",
            "STANDARD_CONCEPT_CAPTION": "Standard",
            "CONCEPT_CLASS_ID": "Procedure",
            "INVALID_REASON": "V"
          },
          "includeMapped": false,
          "includeDescendants": true
        },
        {
          "isExcluded": true,
          "concept": {
            "INVALID_REASON_CAPTION": "Valid",
            "CONCEPT_ID": 4254905,
            "STANDARD_CONCEPT": "S",
            "CONCEPT_CODE": "410209004",
            "VOCABULARY_ID": "SNOMED",
            "CONCEPT_NAME": "Ventilator care education",
            "DOMAIN_ID": "Procedure",
            "STANDARD_CONCEPT_CAPTION": "Standard",
            "CONCEPT_CLASS_ID": "Procedure",
            "INVALID_REASON": "V"
          },
          "includeMapped": false,
          "includeDescendants": true
        },
        {
          "isExcluded": false,
          "concept": {
            "INVALID_REASON_CAPTION": "Valid",
            "CONCEPT_ID": 4251737,
            "STANDARD_CONCEPT": "S",
            "CONCEPT_CODE": "410210009",
            "VOCABULARY_ID": "SNOMED",
            "CONCEPT_NAME": "Ventilator care management",
            "DOMAIN_ID": "Procedure",
            "STANDARD_CONCEPT_CAPTION": "Standard",
            "CONCEPT_CLASS_ID": "Procedure",
            "INVALID_REASON": "V"
          },
          "includeMapped": false,
          "includeDescendants": true
        },
        {
          "isExcluded": true,
          "concept": {
            "INVALID_REASON_CAPTION": "Valid",
            "CONCEPT_ID": 4353715,
            "STANDARD_CONCEPT": "S",
            "CONCEPT_CODE": "250870006",
            "VOCABULARY_ID": "SNOMED",
            "CONCEPT_NAME": "Ventilator finding",
            "DOMAIN_ID": "Observation",
            "STANDARD_CONCEPT_CAPTION": "Standard",
            "CONCEPT_CLASS_ID": "Clinical Finding",
            "INVALID_REASON": "V"
          },
          "includeMapped": false,
          "includeDescendants": true
        },
        {
          "isExcluded": false,
          "concept": {
            "INVALID_REASON_CAPTION": "Valid",
            "CONCEPT_ID": 44791135,
            "STANDARD_CONCEPT": "S",
            "CONCEPT_CODE": "231821000000109",
            "VOCABULARY_ID": "SNOMED",
            "CONCEPT_NAME": "Ventilatory support",
            "DOMAIN_ID": "Procedure",
            "STANDARD_CONCEPT_CAPTION": "Standard",
            "CONCEPT_CLASS_ID": "Procedure",
            "INVALID_REASON": "V"
          },
          "includeMapped": false,
          "includeDescendants": true
        },
        {
          "isExcluded": false,
          "concept": {
            "INVALID_REASON_CAPTION": "Valid",
            "CONCEPT_ID": 4072633,
            "STANDARD_CONCEPT": "S",
            "CONCEPT_CODE": "243174005",
            "VOCABULARY_ID": "SNOMED",
            "CONCEPT_NAME": "Weaning from mechanically assisted ventilation",
            "DOMAIN_ID": "Procedure",
            "STANDARD_CONCEPT_CAPTION": "Standard",
            "CONCEPT_CLASS_ID": "Procedure",
            "INVALID_REASON": "V"
          },
          "includeMapped": false,
          "includeDescendants": true
        }
      ]},
      "name": "Mechanical ventilation (EHDEN Use Case)",
      "id": 9
    },
    {
      "expression": {"items": [
        {
          "isExcluded": false,
          "concept": {
            "INVALID_REASON_CAPTION": "Valid",
            "CONCEPT_ID": 4166281,
            "STANDARD_CONCEPT": "S",
            "CONCEPT_CODE": "274969000",
            "VOCABULARY_ID": "SNOMED",
            "CONCEPT_NAME": "Anterior tracheostomy",
            "DOMAIN_ID": "Procedure",
            "STANDARD_CONCEPT_CAPTION": "Standard",
            "CONCEPT_CLASS_ID": "Procedure",
            "INVALID_REASON": "V"
          },
          "includeMapped": false,
          "includeDescendants": true
        },
        {
          "isExcluded": false,
          "concept": {
            "INVALID_REASON_CAPTION": "Valid",
            "CONCEPT_ID": 2106568,
            "STANDARD_CONCEPT": "S",
            "CONCEPT_CODE": "31611",
            "VOCABULARY_ID": "CPT4",
            "CONCEPT_NAME": "Construction of tracheoesophageal fistula and subsequent insertion of an alaryngeal speech prosthesis (eg, voice button, Blom-Singer prosthesis)",
            "DOMAIN_ID": "Procedure",
            "STANDARD_CONCEPT_CAPTION": "Standard",
            "CONCEPT_CLASS_ID": "CPT4",
            "INVALID_REASON": "V"
          },
          "includeMapped": false,
          "includeDescendants": true
        },
        {
          "isExcluded": false,
          "concept": {
            "INVALID_REASON_CAPTION": "Invalid",
            "CONCEPT_ID": 4115488,
            "STANDARD_CONCEPT": "N",
            "CONCEPT_CODE": "287439000",
            "VOCABULARY_ID": "SNOMED",
            "CONCEPT_NAME": "Emergency tracheostomy",
            "DOMAIN_ID": "Procedure",
            "STANDARD_CONCEPT_CAPTION": "Non-Standard",
            "CONCEPT_CLASS_ID": "Procedure",
            "INVALID_REASON": "U"
          },
          "includeMapped": false,
          "includeDescendants": true
        },
        {
          "isExcluded": false,
          "concept": {
            "INVALID_REASON_CAPTION": "Valid",
            "CONCEPT_ID": 4337047,
            "STANDARD_CONCEPT": "S",
            "CONCEPT_CODE": "232685002",
            "VOCABULARY_ID": "SNOMED",
            "CONCEPT_NAME": "Insertion of tracheostomy tube",
            "DOMAIN_ID": "Procedure",
            "STANDARD_CONCEPT_CAPTION": "Standard",
            "CONCEPT_CLASS_ID": "Procedure",
            "INVALID_REASON": "V"
          },
          "includeMapped": false,
          "includeDescendants": true
        },
        {
          "isExcluded": false,
          "concept": {
            "INVALID_REASON_CAPTION": "Valid",
            "CONCEPT_ID": 4168864,
            "STANDARD_CONCEPT": "S",
            "CONCEPT_CODE": "274970004",
            "VOCABULARY_ID": "SNOMED",
            "CONCEPT_NAME": "Lateral tracheostomy",
            "DOMAIN_ID": "Procedure",
            "STANDARD_CONCEPT_CAPTION": "Standard",
            "CONCEPT_CLASS_ID": "Procedure",
            "INVALID_REASON": "V"
          },
          "includeMapped": false,
          "includeDescendants": true
        },
        {
          "isExcluded": false,
          "concept": {
            "INVALID_REASON_CAPTION": "Valid",
            "CONCEPT_ID": 4199580,
            "STANDARD_CONCEPT": "S",
            "CONCEPT_CODE": "52536006",
            "VOCABULARY_ID": "SNOMED",
            "CONCEPT_NAME": "Mediastinal tracheostomy",
            "DOMAIN_ID": "Procedure",
            "STANDARD_CONCEPT_CAPTION": "Standard",
            "CONCEPT_CLASS_ID": "Procedure",
            "INVALID_REASON": "V"
          },
          "includeMapped": false,
          "includeDescendants": true
        },
        {
          "isExcluded": false,
          "concept": {
            "INVALID_REASON_CAPTION": "Valid",
            "CONCEPT_ID": 2831237,
            "STANDARD_CONCEPT": "S",
            "CONCEPT_CODE": "0B110F",
            "VOCABULARY_ID": "ICD10PCS",
            "CONCEPT_NAME": "Medical and Surgical @ Respiratory System @ Bypass @ Trachea @ Open @ Tracheostomy Device",
            "DOMAIN_ID": "Procedure",
            "STANDARD_CONCEPT_CAPTION": "Standard",
            "CONCEPT_CLASS_ID": "ICD10PCS Hierarchy",
            "INVALID_REASON": "V"
          },
          "includeMapped": false,
          "includeDescendants": true
        },
        {
          "isExcluded": false,
          "concept": {
            "INVALID_REASON_CAPTION": "Valid",
            "CONCEPT_ID": 2836115,
            "STANDARD_CONCEPT": "S",
            "CONCEPT_CODE": "0B113F",
            "VOCABULARY_ID": "ICD10PCS",
            "CONCEPT_NAME": "Medical and Surgical @ Respiratory System @ Bypass @ Trachea @ Percutaneous @ Tracheostomy Device",
            "DOMAIN_ID": "Procedure",
            "STANDARD_CONCEPT_CAPTION": "Standard",
            "CONCEPT_CLASS_ID": "ICD10PCS Hierarchy",
            "INVALID_REASON": "V"
          },
          "includeMapped": false,
          "includeDescendants": true
        },
        {
          "isExcluded": false,
          "concept": {
            "INVALID_REASON_CAPTION": "Valid",
            "CONCEPT_ID": 2794811,
            "STANDARD_CONCEPT": "S",
            "CONCEPT_CODE": "0B21XF",
            "VOCABULARY_ID": "ICD10PCS",
            "CONCEPT_NAME": "Medical and Surgical @ Respiratory System @ Change @ Trachea @ External @ Tracheostomy Device",
            "DOMAIN_ID": "Procedure",
            "STANDARD_CONCEPT_CAPTION": "Standard",
            "CONCEPT_CLASS_ID": "ICD10PCS Hierarchy",
            "INVALID_REASON": "V"
          },
          "includeMapped": false,
          "includeDescendants": true
        },
        {
          "isExcluded": false,
          "concept": {
            "INVALID_REASON_CAPTION": "Valid",
            "CONCEPT_ID": 2862930,
            "STANDARD_CONCEPT": "S",
            "CONCEPT_CODE": "0BW10F",
            "VOCABULARY_ID": "ICD10PCS",
            "CONCEPT_NAME": "Medical and Surgical @ Respiratory System @ Revision @ Trachea @ Open @ Tracheostomy Device",
            "DOMAIN_ID": "Procedure",
            "STANDARD_CONCEPT_CAPTION": "Standard",
            "CONCEPT_CLASS_ID": "ICD10PCS Hierarchy",
            "INVALID_REASON": "V"
          },
          "includeMapped": false,
          "includeDescendants": true
        },
        {
          "isExcluded": false,
          "concept": {
            "INVALID_REASON_CAPTION": "Valid",
            "CONCEPT_ID": 2870619,
            "STANDARD_CONCEPT": "S",
            "CONCEPT_CODE": "0BW13F",
            "VOCABULARY_ID": "ICD10PCS",
            "CONCEPT_NAME": "Medical and Surgical @ Respiratory System @ Revision @ Trachea @ Percutaneous @ Tracheostomy Device",
            "DOMAIN_ID": "Procedure",
            "STANDARD_CONCEPT_CAPTION": "Standard",
            "CONCEPT_CLASS_ID": "ICD10PCS Hierarchy",
            "INVALID_REASON": "V"
          },
          "includeMapped": false,
          "includeDescendants": true
        },
        {
          "isExcluded": false,
          "concept": {
            "INVALID_REASON_CAPTION": "Valid",
            "CONCEPT_ID": 2829384,
            "STANDARD_CONCEPT": "S",
            "CONCEPT_CODE": "0BW14F",
            "VOCABULARY_ID": "ICD10PCS",
            "CONCEPT_NAME": "Medical and Surgical @ Respiratory System @ Revision @ Trachea @ Percutaneous Endoscopic @ Tracheostomy Device",
            "DOMAIN_ID": "Procedure",
            "STANDARD_CONCEPT_CAPTION": "Standard",
            "CONCEPT_CLASS_ID": "ICD10PCS Hierarchy",
            "INVALID_REASON": "V"
          },
          "includeMapped": false,
          "includeDescendants": true
        },
        {
          "isExcluded": false,
          "concept": {
            "INVALID_REASON_CAPTION": "Valid",
            "CONCEPT_ID": 2829386,
            "STANDARD_CONCEPT": "S",
            "CONCEPT_CODE": "0BW17F",
            "VOCABULARY_ID": "ICD10PCS",
            "CONCEPT_NAME": "Medical and Surgical @ Respiratory System @ Revision @ Trachea @ Via Natural or Artificial Opening @ Tracheostomy Device",
            "DOMAIN_ID": "Procedure",
            "STANDARD_CONCEPT_CAPTION": "Standard",
            "CONCEPT_CLASS_ID": "ICD10PCS Hierarchy",
            "INVALID_REASON": "V"
          },
          "includeMapped": false,
          "includeDescendants": true
        },
        {
          "isExcluded": false,
          "concept": {
            "INVALID_REASON_CAPTION": "Valid",
            "CONCEPT_ID": 4065590,
            "STANDARD_CONCEPT": "S",
            "CONCEPT_CODE": "21619009",
            "VOCABULARY_ID": "SNOMED",
            "CONCEPT_NAME": "Permanent tracheostomy",
            "DOMAIN_ID": "Procedure",
            "STANDARD_CONCEPT_CAPTION": "Standard",
            "CONCEPT_CLASS_ID": "Procedure",
            "INVALID_REASON": "V"
          },
          "includeMapped": false,
          "includeDescendants": true
        },
        {
          "isExcluded": false,
          "concept": {
            "INVALID_REASON_CAPTION": "Valid",
            "CONCEPT_ID": 2743216,
            "STANDARD_CONCEPT": "S",
            "CONCEPT_CODE": "0BP17FZ",
            "VOCABULARY_ID": "ICD10PCS",
            "CONCEPT_NAME": "Removal of Tracheostomy Device from Trachea, Via Natural or Artificial Opening",
            "DOMAIN_ID": "Procedure",
            "STANDARD_CONCEPT_CAPTION": "Standard",
            "CONCEPT_CLASS_ID": "ICD10PCS",
            "INVALID_REASON": "V"
          },
          "includeMapped": false,
          "includeDescendants": true
        },
        {
          "isExcluded": false,
          "concept": {
            "INVALID_REASON_CAPTION": "Valid",
            "CONCEPT_ID": 4311023,
            "STANDARD_CONCEPT": "S",
            "CONCEPT_CODE": "392168001",
            "VOCABULARY_ID": "SNOMED",
            "CONCEPT_NAME": "Revision of stoma of trachea",
            "DOMAIN_ID": "Procedure",
            "STANDARD_CONCEPT_CAPTION": "Standard",
            "CONCEPT_CLASS_ID": "Procedure",
            "INVALID_REASON": "V"
          },
          "includeMapped": false,
          "includeDescendants": true
        },
        {
          "isExcluded": false,
          "concept": {
            "INVALID_REASON_CAPTION": "Valid",
            "CONCEPT_ID": 4195473,
            "STANDARD_CONCEPT": "S",
            "CONCEPT_CODE": "43988005",
            "VOCABULARY_ID": "SNOMED",
            "CONCEPT_NAME": "Temporary tracheostomy",
            "DOMAIN_ID": "Procedure",
            "STANDARD_CONCEPT_CAPTION": "Standard",
            "CONCEPT_CLASS_ID": "Procedure",
            "INVALID_REASON": "V"
          },
          "includeMapped": false,
          "includeDescendants": true
        },
        {
          "isExcluded": false,
          "concept": {
            "INVALID_REASON_CAPTION": "Valid",
            "CONCEPT_ID": 2106569,
            "STANDARD_CONCEPT": "S",
            "CONCEPT_CODE": "31612",
            "VOCABULARY_ID": "CPT4",
            "CONCEPT_NAME": "Tracheal puncture, percutaneous with transtracheal aspiration and/or injection",
            "DOMAIN_ID": "Procedure",
            "STANDARD_CONCEPT_CAPTION": "Standard",
            "CONCEPT_CLASS_ID": "CPT4",
            "INVALID_REASON": "V"
          },
          "includeMapped": false,
          "includeDescendants": true
        },
        {
          "isExcluded": false,
          "concept": {
            "INVALID_REASON_CAPTION": "Valid",
            "CONCEPT_ID": 4208093,
            "STANDARD_CONCEPT": "S",
            "CONCEPT_CODE": "55622001",
            "VOCABULARY_ID": "SNOMED",
            "CONCEPT_NAME": "Tracheostomy, emergency procedure by transtracheal approach",
            "DOMAIN_ID": "Procedure",
            "STANDARD_CONCEPT_CAPTION": "Standard",
            "CONCEPT_CLASS_ID": "Procedure",
            "INVALID_REASON": "V"
          },
          "includeMapped": false,
          "includeDescendants": true
        },
        {
          "isExcluded": false,
          "concept": {
            "INVALID_REASON_CAPTION": "Valid",
            "CONCEPT_ID": 2106565,
            "STANDARD_CONCEPT": "S",
            "CONCEPT_CODE": "31605",
            "VOCABULARY_ID": "CPT4",
            "CONCEPT_NAME": "Tracheostomy, emergency procedure; cricothyroid membrane",
            "DOMAIN_ID": "Procedure",
            "STANDARD_CONCEPT_CAPTION": "Standard",
            "CONCEPT_CLASS_ID": "CPT4",
            "INVALID_REASON": "V"
          },
          "includeMapped": false,
          "includeDescendants": true
        },
        {
          "isExcluded": false,
          "concept": {
            "INVALID_REASON_CAPTION": "Valid",
            "CONCEPT_ID": 2106567,
            "STANDARD_CONCEPT": "S",
            "CONCEPT_CODE": "31610",
            "VOCABULARY_ID": "CPT4",
            "CONCEPT_NAME": "Tracheostomy, fenestration procedure with skin flaps",
            "DOMAIN_ID": "Procedure",
            "STANDARD_CONCEPT_CAPTION": "Standard",
            "CONCEPT_CLASS_ID": "CPT4",
            "INVALID_REASON": "V"
          },
          "includeMapped": false,
          "includeDescendants": true
        },
        {
          "isExcluded": false,
          "concept": {
            "INVALID_REASON_CAPTION": "Valid",
            "CONCEPT_ID": 2106562,
            "STANDARD_CONCEPT": "S",
            "CONCEPT_CODE": "31600",
            "VOCABULARY_ID": "CPT4",
            "CONCEPT_NAME": "Tracheostomy, planned (separate procedure)",
            "DOMAIN_ID": "Procedure",
            "STANDARD_CONCEPT_CAPTION": "Standard",
            "CONCEPT_CLASS_ID": "CPT4",
            "INVALID_REASON": "V"
          },
          "includeMapped": false,
          "includeDescendants": true
        },
        {
          "isExcluded": false,
          "concept": {
            "INVALID_REASON_CAPTION": "Valid",
            "CONCEPT_ID": 2106563,
            "STANDARD_CONCEPT": "S",
            "CONCEPT_CODE": "31601",
            "VOCABULARY_ID": "CPT4",
            "CONCEPT_NAME": "Tracheostomy, planned (separate procedure); younger than 2 years",
            "DOMAIN_ID": "Procedure",
            "STANDARD_CONCEPT_CAPTION": "Standard",
            "CONCEPT_CLASS_ID": "CPT4",
            "INVALID_REASON": "V"
          },
          "includeMapped": false,
          "includeDescendants": true
        },
        {
          "isExcluded": false,
          "concept": {
            "INVALID_REASON_CAPTION": "Valid",
            "CONCEPT_ID": 45887989,
            "STANDARD_CONCEPT": "C",
            "CONCEPT_CODE": "1014232",
            "VOCABULARY_ID": "CPT4",
            "CONCEPT_NAME": "Transoral approach to skull base, brain stem or upper spinal cord for biopsy, decompression or excision of lesion",
            "DOMAIN_ID": "Procedure",
            "STANDARD_CONCEPT_CAPTION": "Classification",
            "CONCEPT_CLASS_ID": "CPT4 Hierarchy",
            "INVALID_REASON": "V"
          },
          "includeMapped": false,
          "includeDescendants": true
        },
        {
          "isExcluded": true,
          "concept": {
            "INVALID_REASON_CAPTION": "Valid",
            "CONCEPT_ID": 2110486,
            "STANDARD_CONCEPT": "S",
            "CONCEPT_CODE": "61576",
            "VOCABULARY_ID": "CPT4",
            "CONCEPT_NAME": "Transoral approach to skull base, brain stem or upper spinal cord for biopsy, decompression or excision of lesion; requiring splitting of tongue and/or mandible (including tracheostomy)",
            "DOMAIN_ID": "Procedure",
            "STANDARD_CONCEPT_CAPTION": "Standard",
            "CONCEPT_CLASS_ID": "CPT4",
            "INVALID_REASON": "V"
          },
          "includeMapped": false,
          "includeDescendants": true
        }
      ]},
      "name": "tracheostomy (EHDEN Use Case)",
      "id": 10
    },
    {
      "expression": {"items": [
        {
          "isExcluded": false,
          "concept": {
            "INVALID_REASON_CAPTION": "Valid",
            "CONCEPT_ID": 4338595,
            "STANDARD_CONCEPT": "S",
            "CONCEPT_CODE": "232969009",
            "VOCABULARY_ID": "SNOMED",
            "CONCEPT_NAME": "Cardiac support using extracorporeal membrane oxygenation circuitry",
            "DOMAIN_ID": "Procedure",
            "STANDARD_CONCEPT_CAPTION": "Standard",
            "CONCEPT_CLASS_ID": "Procedure",
            "INVALID_REASON": "V"
          },
          "includeMapped": false,
          "includeDescendants": false
        },
        {
          "isExcluded": false,
          "concept": {
            "INVALID_REASON_CAPTION": "Valid",
            "CONCEPT_ID": 2787821,
            "STANDARD_CONCEPT": "S",
            "CONCEPT_CODE": "5A05221",
            "VOCABULARY_ID": "ICD10PCS",
            "CONCEPT_NAME": "Extracorporeal Hyperbaric Oxygenation, Continuous",
            "DOMAIN_ID": "Procedure",
            "STANDARD_CONCEPT_CAPTION": "Standard",
            "CONCEPT_CLASS_ID": "ICD10PCS",
            "INVALID_REASON": "V"
          },
          "includeMapped": false,
          "includeDescendants": false
        },
        {
          "isExcluded": false,
          "concept": {
            "INVALID_REASON_CAPTION": "Valid",
            "CONCEPT_ID": 46257586,
            "STANDARD_CONCEPT": "C",
            "CONCEPT_CODE": "1021846",
            "VOCABULARY_ID": "CPT4",
            "CONCEPT_NAME": "Extracorporeal Membrane Oxygenation or Extracorporeal Life Support Services and Procedures",
            "DOMAIN_ID": "Observation",
            "STANDARD_CONCEPT_CAPTION": "Classification",
            "CONCEPT_CLASS_ID": "CPT4 Hierarchy",
            "INVALID_REASON": "V"
          },
          "includeMapped": false,
          "includeDescendants": true
        },
        {
          "isExcluded": false,
          "concept": {
            "INVALID_REASON_CAPTION": "Valid",
            "CONCEPT_ID": 1531632,
            "STANDARD_CONCEPT": "S",
            "CONCEPT_CODE": "5A1522F",
            "VOCABULARY_ID": "ICD10PCS",
            "CONCEPT_NAME": "Extracorporeal Oxygenation, Membrane, Central",
            "DOMAIN_ID": "Procedure",
            "STANDARD_CONCEPT_CAPTION": "Standard",
            "CONCEPT_CLASS_ID": "ICD10PCS",
            "INVALID_REASON": "V"
          },
          "includeMapped": false,
          "includeDescendants": false
        },
        {
          "isExcluded": false,
          "concept": {
            "INVALID_REASON_CAPTION": "Valid",
            "CONCEPT_ID": 1531631,
            "STANDARD_CONCEPT": "S",
            "CONCEPT_CODE": "5A1522G",
            "VOCABULARY_ID": "ICD10PCS",
            "CONCEPT_NAME": "Extracorporeal Oxygenation, Membrane, Peripheral Veno-arterial",
            "DOMAIN_ID": "Procedure",
            "STANDARD_CONCEPT_CAPTION": "Standard",
            "CONCEPT_CLASS_ID": "ICD10PCS",
            "INVALID_REASON": "V"
          },
          "includeMapped": false,
          "includeDescendants": false
        },
        {
          "isExcluded": false,
          "concept": {
            "INVALID_REASON_CAPTION": "Valid",
            "CONCEPT_ID": 1531630,
            "STANDARD_CONCEPT": "S",
            "CONCEPT_CODE": "5A1522H",
            "VOCABULARY_ID": "ICD10PCS",
            "CONCEPT_NAME": "Extracorporeal Oxygenation, Membrane, Peripheral Veno-venous",
            "DOMAIN_ID": "Procedure",
            "STANDARD_CONCEPT_CAPTION": "Standard",
            "CONCEPT_CLASS_ID": "ICD10PCS",
            "INVALID_REASON": "V"
          },
          "includeMapped": false,
          "includeDescendants": false
        },
        {
          "isExcluded": false,
          "concept": {
            "INVALID_REASON_CAPTION": "Valid",
            "CONCEPT_ID": 2787820,
            "STANDARD_CONCEPT": "S",
            "CONCEPT_CODE": "5A0512C",
            "VOCABULARY_ID": "ICD10PCS",
            "CONCEPT_NAME": "Extracorporeal Supersaturated Oxygenation, Intermittent",
            "DOMAIN_ID": "Procedure",
            "STANDARD_CONCEPT_CAPTION": "Standard",
            "CONCEPT_CLASS_ID": "ICD10PCS",
            "INVALID_REASON": "V"
          },
          "includeMapped": false,
          "includeDescendants": false
        },
        {
          "isExcluded": false,
          "concept": {
            "INVALID_REASON_CAPTION": "Valid",
            "CONCEPT_ID": 44515635,
            "STANDARD_CONCEPT": "N",
            "CONCEPT_CODE": "X58.1",
            "VOCABULARY_ID": "OPCS4",
            "CONCEPT_NAME": "Extracorporeal membrane oxygenation",
            "DOMAIN_ID": "Procedure",
            "STANDARD_CONCEPT_CAPTION": "Non-Standard",
            "CONCEPT_CLASS_ID": "Procedure",
            "INVALID_REASON": "V"
          },
          "includeMapped": false,
          "includeDescendants": true
        },
        {
          "isExcluded": false,
          "concept": {
            "INVALID_REASON_CAPTION": "Valid",
            "CONCEPT_ID": 4052536,
            "STANDARD_CONCEPT": "S",
            "CONCEPT_CODE": "233573008",
            "VOCABULARY_ID": "SNOMED",
            "CONCEPT_NAME": "Extracorporeal membrane oxygenation",
            "DOMAIN_ID": "Procedure",
            "STANDARD_CONCEPT_CAPTION": "Standard",
            "CONCEPT_CLASS_ID": "Procedure",
            "INVALID_REASON": "V"
          },
          "includeMapped": false,
          "includeDescendants": true
        },
        {
          "isExcluded": false,
          "concept": {
            "INVALID_REASON_CAPTION": "Valid",
            "CONCEPT_ID": 2002247,
            "STANDARD_CONCEPT": "N",
            "CONCEPT_CODE": "39.65",
            "VOCABULARY_ID": "ICD9Proc",
            "CONCEPT_NAME": "Extracorporeal membrane oxygenation [ECMO]",
            "DOMAIN_ID": "Procedure",
            "STANDARD_CONCEPT_CAPTION": "Non-Standard",
            "CONCEPT_CLASS_ID": "4-dig billing code",
            "INVALID_REASON": "V"
          },
          "includeMapped": false,
          "includeDescendants": true
        },
        {
          "isExcluded": false,
          "concept": {
            "INVALID_REASON_CAPTION": "Valid",
            "CONCEPT_ID": 44811012,
            "STANDARD_CONCEPT": "S",
            "CONCEPT_CODE": "862791000000106",
            "VOCABULARY_ID": "SNOMED",
            "CONCEPT_NAME": "Fluoroscopy guided percutaneous insertion of cannula for extracorporeal membrane oxygenation",
            "DOMAIN_ID": "Procedure",
            "STANDARD_CONCEPT_CAPTION": "Standard",
            "CONCEPT_CLASS_ID": "Procedure",
            "INVALID_REASON": "V"
          },
          "includeMapped": false,
          "includeDescendants": false
        }
      ]},
      "name": "Extracorporeal membrane oxygenation (ECMO) procedure (EHDEN Use Case)",
      "id": 11
    }
  ],
  "EndStrategy": {"CustomEra": {
    "DrugCodesetId": 0,
    "DaysSupplyOverride": null,
    "GapDays": 30,
    "Offset": 0
  }},
  "cdmVersionRange": ">=5.0.0",
  "CensoringCriteria": [],
  "QualifiedLimit": {"Type": "First"},
  "InclusionRules": [
    {
      "expression": {
        "CriteriaList": [{
          "RestrictVisit": false,
          "StartWindow": {
            "UseEventEnd": false,
            "Start": {
              "Days": 365,
              "Coeff": -1
            },
            "End": {
              "Days": 1,
              "Coeff": -1
            },
            "UseIndexEnd": false
          },
          "IgnoreObservationPeriod": false,
          "EndWindow": null,
          "Criteria": {"DrugExposure": {
            "OccurrenceEndDate": null,
            "CorrelatedCriteria": null,
            "DrugSourceConcept": null,
            "CodesetId": 0,
            "DrugTypeExclude": false,
            "Quantity": null,
            "DrugType": null,
            "ProviderSpecialty": null,
            "EffectiveDrugDose": null,
            "Gender": null,
            "DaysSupply": null,
            "DoseUnit": null,
            "VisitType": null,
            "Refills": null,
            "First": null,
            "OccurrenceStartDate": null,
            "RouteConcept": null,
            "StopReason": null,
            "LotNumber": null,
            "Age": null
          }},
          "Occurrence": {
            "Type": 0,
            "CountColumn": null,
            "IsDistinct": false,
            "Count": 0
          }
        }],
        "Type": "ALL",
        "DemographicCriteriaList": [],
        "Groups": [],
        "Count": null
      },
      "name": "no drugs in 365 days prior to index",
      "description": null
    },
    {
      "expression": {
        "CriteriaList": [{
          "RestrictVisit": false,
          "StartWindow": {
            "UseEventEnd": false,
            "Start": {
              "Days": 30,
              "Coeff": -1
            },
            "End": {
              "Days": 0,
              "Coeff": 1
            },
            "UseIndexEnd": false
          },
          "IgnoreObservationPeriod": false,
          "EndWindow": null,
          "Criteria": {"VisitOccurrence": {
            "OccurrenceEndDate": null,
            "VisitLength": null,
            "CorrelatedCriteria": null,
            "VisitSourceConcept": null,
            "CodesetId": 1,
            "VisitTypeExclude": false,
            "ProviderSpecialty": null,
            "Gender": null,
            "PlaceOfServiceLocation": null,
            "PlaceOfService": null,
            "VisitType": null,
            "First": null,
            "OccurrenceStartDate": null,
            "Age": null
          }},
          "Occurrence": {
            "Type": 2,
            "CountColumn": null,
            "IsDistinct": false,
            "Count": 1
          }
        }],
        "Type": "ALL",
        "DemographicCriteriaList": [],
        "Groups": [],
        "Count": null
      },
      "name": "Inpatient Visit",
      "description": null
    },
    {
      "expression": {
        "CriteriaList": [],
        "Type": "ALL",
        "DemographicCriteriaList": [{
          "Ethnicity": null,
          "OccurrenceEndDate": null,
          "Race": null,
          "Gender": null,
          "OccurrenceStartDate": null,
          "Age": {
            "Op": "gt",
            "Extent": null,
            "Value": 18
          }
        }],
        "Groups": [],
        "Count": null
      },
      "name": "At least 18 years old",
      "description": null
    },
    {
      "expression": {
        "CriteriaList": [
          {
            "RestrictVisit": false,
            "StartWindow": {
              "UseEventEnd": false,
              "Start": {
                "Days": 30,
                "Coeff": -1
              },
              "End": {
                "Days": null,
                "Coeff": 1
              },
              "UseIndexEnd": false
            },
            "IgnoreObservationPeriod": false,
            "EndWindow": {
              "UseEventEnd": false,
              "Start": {
                "Days": null,
                "Coeff": -1
              },
              "End": {
                "Days": 0,
                "Coeff": 1
              },
              "UseIndexEnd": true
            },
            "Criteria": {"Measurement": {
              "Operator": null,
              "RangeHigh": null,
              "MeasurementTypeExclude": false,
              "ValueAsConcept": null,
              "CorrelatedCriteria": null,
              "RangeHighRatio": null,
              "CodesetId": 5,
              "ProviderSpecialty": null,
              "Gender": null,
              "Unit": null,
              "RangeLowRatio": null,
              "MeasurementType": null,
              "MeasurementSourceConcept": null,
              "VisitType": null,
              "ValueAsNumber": null,
              "First": null,
              "OccurrenceStartDate": null,
              "RangeLow": null,
              "Abnormal": null,
              "Age": null
            }},
            "Occurrence": {
              "Type": 2,
              "CountColumn": null,
              "IsDistinct": false,
              "Count": 1
            }
          },
          {
            "RestrictVisit": false,
            "StartWindow": {
              "UseEventEnd": false,
              "Start": {
                "Days": 30,
                "Coeff": -1
              },
              "End": {
                "Days": null,
                "Coeff": 1
              },
              "UseIndexEnd": false
            },
            "IgnoreObservationPeriod": false,
            "EndWindow": {
              "UseEventEnd": false,
              "Start": {
                "Days": null,
                "Coeff": -1
              },
              "End": {
                "Days": 0,
                "Coeff": 1
              },
              "UseIndexEnd": true
            },
            "Criteria": {"Measurement": {
              "Operator": null,
              "RangeHigh": null,
              "MeasurementTypeExclude": false,
              "ValueAsConcept": [
                {
                  "INVALID_REASON_CAPTION": "Unknown",
                  "CONCEPT_ID": 4126681,
                  "STANDARD_CONCEPT": null,
                  "CONCEPT_CODE": "260373001",
                  "VOCABULARY_ID": "SNOMED",
                  "CONCEPT_NAME": "Detected",
                  "DOMAIN_ID": "Meas Value",
                  "STANDARD_CONCEPT_CAPTION": "Unknown",
                  "CONCEPT_CLASS_ID": null,
                  "INVALID_REASON": null
                },
                {
                  "INVALID_REASON_CAPTION": "Unknown",
                  "CONCEPT_ID": 45877985,
                  "STANDARD_CONCEPT": null,
                  "CONCEPT_CODE": "LA11882-0",
                  "VOCABULARY_ID": "LOINC",
                  "CONCEPT_NAME": "Detected",
                  "DOMAIN_ID": "Meas Value",
                  "STANDARD_CONCEPT_CAPTION": "Unknown",
                  "CONCEPT_CLASS_ID": null,
                  "INVALID_REASON": null
                },
                {
                  "INVALID_REASON_CAPTION": "Unknown",
                  "CONCEPT_ID": 9191,
                  "STANDARD_CONCEPT": null,
                  "CONCEPT_CODE": "10828004",
                  "VOCABULARY_ID": "SNOMED",
                  "CONCEPT_NAME": "Positive",
                  "DOMAIN_ID": "Meas Value",
                  "STANDARD_CONCEPT_CAPTION": "Unknown",
                  "CONCEPT_CLASS_ID": null,
                  "INVALID_REASON": null
                },
                {
                  "INVALID_REASON_CAPTION": "Unknown",
                  "CONCEPT_ID": 45884084,
                  "STANDARD_CONCEPT": null,
                  "CONCEPT_CODE": "LA6576-8",
                  "VOCABULARY_ID": "LOINC",
                  "CONCEPT_NAME": "Positive",
                  "DOMAIN_ID": "Meas Value",
                  "STANDARD_CONCEPT_CAPTION": "Unknown",
                  "CONCEPT_CLASS_ID": null,
                  "INVALID_REASON": null
                },
                {
                  "INVALID_REASON_CAPTION": "Unknown",
                  "CONCEPT_ID": 4181412,
                  "STANDARD_CONCEPT": null,
                  "CONCEPT_CODE": "52101004",
                  "VOCABULARY_ID": "SNOMED",
                  "CONCEPT_NAME": "Present",
                  "DOMAIN_ID": "Meas Value",
                  "STANDARD_CONCEPT_CAPTION": "Unknown",
                  "CONCEPT_CLASS_ID": null,
                  "INVALID_REASON": null
                },
                {
                  "INVALID_REASON_CAPTION": "Unknown",
                  "CONCEPT_ID": 45879438,
                  "STANDARD_CONCEPT": null,
                  "CONCEPT_CODE": "LA9633-4",
                  "VOCABULARY_ID": "LOINC",
                  "CONCEPT_NAME": "Present",
                  "DOMAIN_ID": "Meas Value",
                  "STANDARD_CONCEPT_CAPTION": "Unknown",
                  "CONCEPT_CLASS_ID": null,
                  "INVALID_REASON": null
                }
              ],
              "CorrelatedCriteria": null,
              "RangeHighRatio": null,
              "CodesetId": 6,
              "ProviderSpecialty": null,
              "Gender": null,
              "Unit": null,
              "RangeLowRatio": null,
              "MeasurementType": null,
              "MeasurementSourceConcept": null,
              "VisitType": null,
              "ValueAsNumber": null,
              "First": null,
              "OccurrenceStartDate": null,
              "RangeLow": null,
              "Abnormal": null,
              "Age": null
            }},
            "Occurrence": {
              "Type": 2,
              "CountColumn": null,
              "IsDistinct": false,
              "Count": 1
            }
          },
          {
            "RestrictVisit": false,
            "StartWindow": {
              "UseEventEnd": false,
              "Start": {
                "Days": 30,
                "Coeff": -1
              },
              "End": {
                "Days": null,
                "Coeff": 1
              },
              "UseIndexEnd": false
            },
            "IgnoreObservationPeriod": false,
            "EndWindow": {
              "UseEventEnd": false,
              "Start": {
                "Days": null,
                "Coeff": -1
              },
              "End": {
                "Days": 0,
                "Coeff": 1
              },
              "UseIndexEnd": true
            },
            "Criteria": {"Observation": {
              "ValueAsConcept": [
                {
                  "INVALID_REASON_CAPTION": "Unknown",
                  "CONCEPT_ID": 4126681,
                  "STANDARD_CONCEPT": null,
                  "CONCEPT_CODE": "260373001",
                  "VOCABULARY_ID": "SNOMED",
                  "CONCEPT_NAME": "Detected",
                  "DOMAIN_ID": "Meas Value",
                  "STANDARD_CONCEPT_CAPTION": "Unknown",
                  "CONCEPT_CLASS_ID": null,
                  "INVALID_REASON": null
                },
                {
                  "INVALID_REASON_CAPTION": "Unknown",
                  "CONCEPT_ID": 45877985,
                  "STANDARD_CONCEPT": null,
                  "CONCEPT_CODE": "LA11882-0",
                  "VOCABULARY_ID": "LOINC",
                  "CONCEPT_NAME": "Detected",
                  "DOMAIN_ID": "Meas Value",
                  "STANDARD_CONCEPT_CAPTION": "Unknown",
                  "CONCEPT_CLASS_ID": null,
                  "INVALID_REASON": null
                },
                {
                  "INVALID_REASON_CAPTION": "Unknown",
                  "CONCEPT_ID": 9191,
                  "STANDARD_CONCEPT": null,
                  "CONCEPT_CODE": "10828004",
                  "VOCABULARY_ID": "SNOMED",
                  "CONCEPT_NAME": "Positive",
                  "DOMAIN_ID": "Meas Value",
                  "STANDARD_CONCEPT_CAPTION": "Unknown",
                  "CONCEPT_CLASS_ID": null,
                  "INVALID_REASON": null
                },
                {
                  "INVALID_REASON_CAPTION": "Unknown",
                  "CONCEPT_ID": 45884084,
                  "STANDARD_CONCEPT": null,
                  "CONCEPT_CODE": "LA6576-8",
                  "VOCABULARY_ID": "LOINC",
                  "CONCEPT_NAME": "Positive",
                  "DOMAIN_ID": "Meas Value",
                  "STANDARD_CONCEPT_CAPTION": "Unknown",
                  "CONCEPT_CLASS_ID": null,
                  "INVALID_REASON": null
                },
                {
                  "INVALID_REASON_CAPTION": "Unknown",
                  "CONCEPT_ID": 4181412,
                  "STANDARD_CONCEPT": null,
                  "CONCEPT_CODE": "52101004",
                  "VOCABULARY_ID": "SNOMED",
                  "CONCEPT_NAME": "Present",
                  "DOMAIN_ID": "Meas Value",
                  "STANDARD_CONCEPT_CAPTION": "Unknown",
                  "CONCEPT_CLASS_ID": null,
                  "INVALID_REASON": null
                },
                {
                  "INVALID_REASON_CAPTION": "Unknown",
                  "CONCEPT_ID": 45879438,
                  "STANDARD_CONCEPT": null,
                  "CONCEPT_CODE": "LA9633-4",
                  "VOCABULARY_ID": "LOINC",
                  "CONCEPT_NAME": "Present",
                  "DOMAIN_ID": "Meas Value",
                  "STANDARD_CONCEPT_CAPTION": "Unknown",
                  "CONCEPT_CLASS_ID": null,
                  "INVALID_REASON": null
                }
              ],
              "ObservationType": null,
              "CorrelatedCriteria": null,
              "ObservationTypeExclude": false,
              "ValueAsString": null,
              "CodesetId": 6,
              "ProviderSpecialty": null,
              "Gender": null,
              "Unit": null,
              "ObservationSourceConcept": null,
              "VisitType": null,
              "ValueAsNumber": null,
              "Qualifier": null,
              "First": null,
              "OccurrenceStartDate": null,
              "Age": null
            }},
            "Occurrence": {
              "Type": 2,
              "CountColumn": null,
              "IsDistinct": false,
              "Count": 1
            }
          },
          {
            "RestrictVisit": false,
            "StartWindow": {
              "UseEventEnd": false,
              "Start": {
                "Days": 30,
                "Coeff": -1
              },
              "End": {
                "Days": null,
                "Coeff": 1
              },
              "UseIndexEnd": false
            },
            "IgnoreObservationPeriod": false,
            "EndWindow": {
              "UseEventEnd": false,
              "Start": {
                "Days": null,
                "Coeff": -1
              },
              "End": {
                "Days": 0,
                "Coeff": 1
              },
              "UseIndexEnd": false
            },
            "Criteria": {"ConditionOccurrence": {
              "OccurrenceEndDate": null,
              "CorrelatedCriteria": null,
              "ConditionTypeExclude": false,
              "CodesetId": 7,
              "ProviderSpecialty": null,
              "Gender": null,
              "VisitType": null,
              "First": null,
              "OccurrenceStartDate": null,
              "ConditionType": null,
              "ConditionSourceConcept": null,
              "ConditionStatus": null,
              "StopReason": null,
              "Age": null
            }},
            "Occurrence": {
              "Type": 2,
              "CountColumn": null,
              "IsDistinct": false,
              "Count": 1
            }
          }
        ],
        "Type": "ANY",
        "DemographicCriteriaList": [],
        "Groups": [],
        "Count": null
      },
      "name": "COVID-19 Infection",
      "description": null
    },
    {
      "expression": {
        "CriteriaList": [{
          "RestrictVisit": false,
          "StartWindow": {
            "UseEventEnd": false,
            "Start": {
              "Days": 30,
              "Coeff": -1
            },
            "End": {
              "Days": 0,
              "Coeff": 1
            },
            "UseIndexEnd": false
          },
          "IgnoreObservationPeriod": false,
          "EndWindow": null,
          "Criteria": {"Observation": {
            "ValueAsConcept": null,
            "ObservationType": null,
            "CorrelatedCriteria": null,
            "ObservationTypeExclude": false,
            "ValueAsString": null,
            "CodesetId": 4,
            "ProviderSpecialty": null,
            "Gender": null,
            "Unit": null,
            "ObservationSourceConcept": null,
            "VisitType": null,
            "ValueAsNumber": null,
            "Qualifier": null,
            "First": null,
            "OccurrenceStartDate": null,
            "Age": null
          }},
          "Occurrence": {
            "Type": 0,
            "CountColumn": null,
            "IsDistinct": false,
            "Count": 0
          }
        }],
        "Type": "ALL",
        "DemographicCriteriaList": [],
        "Groups": [],
        "Count": null
      },
      "name": "No discharge before index start",
      "description": null
    },
    {
      "expression": {
        "CriteriaList": [
          {
            "RestrictVisit": false,
            "StartWindow": {
              "UseEventEnd": false,
              "Start": {
                "Days": 30,
                "Coeff": -1
              },
              "End": {
                "Days": 0,
                "Coeff": 1
              },
              "UseIndexEnd": false
            },
            "IgnoreObservationPeriod": false,
            "EndWindow": null,
            "Criteria": {"ProcedureOccurrence": {
              "ProcedureType": null,
              "CorrelatedCriteria": null,
              "CodesetId": 9,
              "ProcedureSourceConcept": null,
              "Quantity": null,
              "ProviderSpecialty": null,
              "Gender": null,
              "ProcedureTypeExclude": false,
              "VisitType": null,
              "First": null,
              "OccurrenceStartDate": null,
              "Modifier": null,
              "Age": null
            }},
            "Occurrence": {
              "Type": 2,
              "CountColumn": null,
              "IsDistinct": false,
              "Count": 1
            }
          },
          {
            "RestrictVisit": false,
            "StartWindow": {
              "UseEventEnd": false,
              "Start": {
                "Days": 30,
                "Coeff": -1
              },
              "End": {
                "Days": 0,
                "Coeff": 1
              },
              "UseIndexEnd": false
            },
            "IgnoreObservationPeriod": false,
            "EndWindow": null,
            "Criteria": {"Measurement": {
              "Operator": null,
              "RangeHigh": null,
              "MeasurementTypeExclude": false,
              "ValueAsConcept": null,
              "CorrelatedCriteria": null,
              "RangeHighRatio": null,
              "CodesetId": 9,
              "ProviderSpecialty": null,
              "Gender": null,
              "Unit": null,
              "RangeLowRatio": null,
              "MeasurementType": null,
              "MeasurementSourceConcept": null,
              "VisitType": null,
              "ValueAsNumber": null,
              "First": null,
              "OccurrenceStartDate": null,
              "RangeLow": null,
              "Abnormal": null,
              "Age": null
            }},
            "Occurrence": {
              "Type": 2,
              "CountColumn": null,
              "IsDistinct": false,
              "Count": 1
            }
          },
          {
            "RestrictVisit": false,
            "StartWindow": {
              "UseEventEnd": false,
              "Start": {
                "Days": 30,
                "Coeff": -1
              },
              "End": {
                "Days": 0,
                "Coeff": 1
              },
              "UseIndexEnd": false
            },
            "IgnoreObservationPeriod": false,
            "EndWindow": null,
            "Criteria": {"Observation": {
              "ValueAsConcept": null,
              "ObservationType": null,
              "CorrelatedCriteria": null,
              "ObservationTypeExclude": false,
              "ValueAsString": null,
              "CodesetId": 9,
              "ProviderSpecialty": null,
              "Gender": null,
              "Unit": null,
              "ObservationSourceConcept": null,
              "VisitType": null,
              "ValueAsNumber": null,
              "Qualifier": null,
              "First": null,
              "OccurrenceStartDate": null,
              "Age": null
            }},
            "Occurrence": {
              "Type": 2,
              "CountColumn": null,
              "IsDistinct": false,
              "Count": 1
            }
          },
          {
            "RestrictVisit": false,
            "StartWindow": {
              "UseEventEnd": false,
              "Start": {
                "Days": 30,
                "Coeff": -1
              },
              "End": {
                "Days": 0,
                "Coeff": 1
              },
              "UseIndexEnd": false
            },
            "IgnoreObservationPeriod": false,
            "EndWindow": null,
            "Criteria": {"ProcedureOccurrence": {
              "ProcedureType": null,
              "CorrelatedCriteria": null,
              "CodesetId": 10,
              "ProcedureSourceConcept": null,
              "Quantity": null,
              "ProviderSpecialty": null,
              "Gender": null,
              "ProcedureTypeExclude": false,
              "VisitType": null,
              "First": null,
              "OccurrenceStartDate": null,
              "Modifier": null,
              "Age": null
            }},
            "Occurrence": {
              "Type": 2,
              "CountColumn": null,
              "IsDistinct": false,
              "Count": 1
            }
          },
          {
            "RestrictVisit": false,
            "StartWindow": {
              "UseEventEnd": false,
              "Start": {
                "Days": 30,
                "Coeff": -1
              },
              "End": {
                "Days": 0,
                "Coeff": 1
              },
              "UseIndexEnd": false
            },
            "IgnoreObservationPeriod": false,
            "EndWindow": null,
            "Criteria": {"ProcedureOccurrence": {
              "ProcedureType": null,
              "CorrelatedCriteria": null,
              "CodesetId": 11,
              "ProcedureSourceConcept": null,
              "Quantity": null,
              "ProviderSpecialty": null,
              "Gender": null,
              "ProcedureTypeExclude": false,
              "VisitType": null,
              "First": null,
              "OccurrenceStartDate": null,
              "Modifier": null,
              "Age": null
            }},
            "Occurrence": {
              "Type": 2,
              "CountColumn": null,
              "IsDistinct": false,
              "Count": 1
            }
          }
        ],
        "Type": "ANY",
        "DemographicCriteriaList": [],
        "Groups": [],
        "Count": null
      },
      "name": "Receiving Intensive Services",
      "description": null
    }
  ],
  "PrimaryCriteria": {
    "CriteriaList": [{"DrugExposure": {
      "OccurrenceEndDate": null,
      "CorrelatedCriteria": null,
      "DrugSourceConcept": null,
      "CodesetId": 0,
      "DrugTypeExclude": true,
      "Quantity": null,
      "DrugType": null,
      "ProviderSpecialty": null,
      "EffectiveDrugDose": null,
      "Gender": null,
      "DaysSupply": null,
      "DoseUnit": null,
      "VisitType": null,
      "Refills": null,
      "First": null,
      "OccurrenceStartDate": {
        "Op": "gte",
        "Extent": null,
        "Value": "2020-01-01"
      },
      "RouteConcept": null,
      "StopReason": null,
      "LotNumber": null,
      "Age": null
    }}],
    "PrimaryCriteriaLimit": {"Type": "First"},
    "ObservationWindow": {
      "PostDays": 0,
      "PriorDays": 365
    }
  }
}