{
  "ExpressionLimit": {"Type": "First"},
  "CollapseSettings": {
    "CollapseType": "ERA",
    "EraPad": 0
  },
  "CensorWindow": {
    "StartDate": null,
    "EndDate": null
  },
  "ConceptSets": [
    {
      "expression": {"items": [
        {
          "isExcluded": false,
          "concept": {
            "INVALID_REASON_CAPTION": "Valid",
            "CONCEPT_ID": 262,
            "STANDARD_CONCEPT": "S",
            "CONCEPT_CODE": "ERIP",
            "VOCABULARY_ID": "Visit",
            "CONCEPT_NAME": "Emergency Room and Inpatient Visit",
            "DOMAIN_ID": "Visit",
            "STANDARD_CONCEPT_CAPTION": "Standard",
            "CONCEPT_CLASS_ID": "Visit",
            "INVALID_REASON": "V"
          },
          "includeMapped": false,
          "includeDescendants": true
        },
        {
          "isExcluded": false,
          "concept": {
            "INVALID_REASON_CAPTION": "Valid",
            "CONCEPT_ID": 9201,
            "STANDARD_CONCEPT": "S",
            "CONCEPT_CODE": "IP",
            "VOCABULARY_ID": "Visit",
            "CONCEPT_NAME": "Inpatient Visit",
            "DOMAIN_ID": "Visit",
            "STANDARD_CONCEPT_CAPTION": "Standard",
            "CONCEPT_CLASS_ID": "Visit",
            "INVALID_REASON": "V"
          },
          "includeMapped": false,
          "includeDescendants": true
        }
      ]},
      "name": "Inpatient Visit (EHDEN Use Case)",
      "id": 1
    },
    {
      "expression": {"items": [{
        "isExcluded": false,
        "concept": {
          "INVALID_REASON_CAPTION": "Valid",
          "CONCEPT_ID": 4203130,
          "STANDARD_CONCEPT": "S",
          "CONCEPT_CODE": "308283009",
          "VOCABULARY_ID": "SNOMED",
          "CONCEPT_NAME": "Discharge from hospital",
          "DOMAIN_ID": "Observation",
          "STANDARD_CONCEPT_CAPTION": "Standard",
          "CONCEPT_CLASS_ID": "Procedure",
          "INVALID_REASON": "V"
        },
        "includeMapped": false,
        "includeDescendants": true
      }]},
      "name": "Discharge from Hospital (EHDEN Use Case)",
      "id": 4
    },
    {
      "expression": {"items": [{
        "isExcluded": false,
        "concept": {
          "INVALID_REASON_CAPTION": "Valid",
          "CONCEPT_ID": 37310282,
          "STANDARD_CONCEPT": "N",
          "CONCEPT_CODE": "1240581000000104",
          "VOCABULARY_ID": "SNOMED",
          "CONCEPT_NAME": "Severe acute respiratory syndrome coronavirus 2 detected",
          "DOMAIN_ID": "Measurement",
          "STANDARD_CONCEPT_CAPTION": "Non-Standard",
          "CONCEPT_CLASS_ID": "Clinical Finding",
          "INVALID_REASON": "V"
        },
        "includeMapped": false,
        "includeDescendants": true
      }]},
      "name": "SARS-CoV-2 positive test measurement pre-coordinated (EHDEN Use Case)",
      "id": 5
    },
    {
      "expression": {"items": [
        {
          "isExcluded": false,
          "concept": {
            "INVALID_REASON_CAPTION": "Valid",
            "CONCEPT_ID": 756055,
            "STANDARD_CONCEPT": "S",
            "CONCEPT_CODE": "OMOP4873969",
            "VOCABULARY_ID": "OMOP Extension",
            "CONCEPT_NAME": "Measurement of Severe acute respiratory syndrome coronavirus 2 (SARS-CoV-2)",
            "DOMAIN_ID": "Measurement",
            "STANDARD_CONCEPT_CAPTION": "Standard",
            "CONCEPT_CLASS_ID": "Lab Test",
            "INVALID_REASON": "V"
          },
          "includeMapped": false,
          "includeDescendants": true
        },
        {
          "isExcluded": true,
          "concept": {
            "INVALID_REASON_CAPTION": "Valid",
            "CONCEPT_ID": 37310281,
            "STANDARD_CONCEPT": "N",
            "CONCEPT_CODE": "1240591000000102",
            "VOCABULARY_ID": "SNOMED",
            "CONCEPT_NAME": "Severe acute respiratory syndrome coronavirus 2 not detected",
            "DOMAIN_ID": "Measurement",
            "STANDARD_CONCEPT_CAPTION": "Non-Standard",
            "CONCEPT_CLASS_ID": "Clinical Finding",
            "INVALID_REASON": "V"
          },
          "includeMapped": false,
          "includeDescendants": true
        }
      ]},
      "name": "SARS-CoV-2 test measurement (EHDEN Use Case)",
      "id": 6
    },
    {
      "expression": {"items": [
        {
          "isExcluded": false,
          "concept": {
            "INVALID_REASON_CAPTION": "Valid",
            "CONCEPT_ID": 37311061,
            "STANDARD_CONCEPT": "S",
            "CONCEPT_CODE": "840539006",
            "VOCABULARY_ID": "SNOMED",
            "CONCEPT_NAME": "COVID-19",
            "DOMAIN_ID": "Condition",
            "STANDARD_CONCEPT_CAPTION": "Standard",
            "CONCEPT_CLASS_ID": "Clinical Finding",
            "INVALID_REASON": "V"
          },
          "includeMapped": false,
          "includeDescendants": true
        },
        {
          "isExcluded": false,
          "concept": {
            "INVALID_REASON_CAPTION": "Valid",
            "CONCEPT_ID": 4100065,
            "STANDARD_CONCEPT": "S",
            "CONCEPT_CODE": "27619001",
            "VOCABULARY_ID": "SNOMED",
            "CONCEPT_NAME": "Disease due to Coronaviridae",
            "DOMAIN_ID": "Condition",
            "STANDARD_CONCEPT_CAPTION": "Standard",
            "CONCEPT_CLASS_ID": "Clinical Finding",
            "INVALID_REASON": "V"
          },
          "includeMapped": false,
          "includeDescendants": true
        },
        {
          "isExcluded": false,
          "concept": {
            "INVALID_REASON_CAPTION": "Valid",
            "CONCEPT_ID": 439676,
            "STANDARD_CONCEPT": "S",
            "CONCEPT_CODE": "186747009",
            "VOCABULARY_ID": "SNOMED",
            "CONCEPT_NAME": "Coronavirus infection",
            "DOMAIN_ID": "Condition",
            "STANDARD_CONCEPT_CAPTION": "Standard",
            "CONCEPT_CLASS_ID": "Clinical Finding",
            "INVALID_REASON": "V"
          },
          "includeMapped": false,
          "includeDescendants": true
        },
        {
          "isExcluded": false,
          "concept": {
            "INVALID_REASON_CAPTION": "Valid",
            "CONCEPT_ID": 37311060,
            "STANDARD_CONCEPT": "S",
            "CONCEPT_CODE": "840544004",
            "VOCABULARY_ID": "SNOMED",
            "CONCEPT_NAME": "Suspected COVID-19",
            "DOMAIN_ID": "Observation",
            "STANDARD_CONCEPT_CAPTION": "Standard",
            "CONCEPT_CLASS_ID": "Context-dependent",
            "INVALID_REASON": "V"
          },
          "includeMapped": false,
          "includeDescendants": true
        }
      ]},
      "name": "COVID-19 conditions (EHDEN Use Case)",
      "id": 7
    },
    {
      "expression": {"items": [
        {
          "isExcluded": false,
          "concept": {
            "INVALID_REASON_CAPTION": "Valid",
            "CONCEPT_ID": 36054909,
            "STANDARD_CONCEPT": "S",
            "CONCEPT_CODE": "OMOP4980208",
            "VOCABULARY_ID": "RxNorm Extension",
            "CONCEPT_NAME": "20 ML remdesivir 5 MG/ML Injectable Solution",
            "DOMAIN_ID": "Drug",
            "STANDARD_CONCEPT_CAPTION": "Standard",
            "CONCEPT_CLASS_ID": "Quant Clinical Drug",
            "INVALID_REASON": "V"
          },
          "includeMapped": false,
          "includeDescendants": true
        },
        {
          "isExcluded": false,
          "concept": {
            "INVALID_REASON_CAPTION": "Valid",
            "CONCEPT_ID": 36054907,
            "STANDARD_CONCEPT": "S",
            "CONCEPT_CODE": "OMOP4980206",
            "VOCABULARY_ID": "RxNorm Extension",
            "CONCEPT_NAME": "20 ML remdesivir 5 MG/ML Injectable Solution Box of 1",
            "DOMAIN_ID": "Drug",
            "STANDARD_CONCEPT_CAPTION": "Standard",
            "CONCEPT_CLASS_ID": "Quant Clinical Box",
            "INVALID_REASON": "V"
          },
          "includeMapped": false,
          "includeDescendants": true
        },
        {
          "isExcluded": false,
          "concept": {
            "INVALID_REASON_CAPTION": "Valid",
            "CONCEPT_ID": 36054865,
            "STANDARD_CONCEPT": "S",
            "CONCEPT_CODE": "OMOP4980205",
            "VOCABULARY_ID": "RxNorm Extension",
            "CONCEPT_NAME": "20 ML remdesivir 5 MG/ML Injectable Solution Box of 1 by Gilead",
            "DOMAIN_ID": "Drug",
            "STANDARD_CONCEPT_CAPTION": "Standard",
            "CONCEPT_CLASS_ID": "Marketed Product",
            "INVALID_REASON": "V"
          },
          "includeMapped": false,
          "includeDescendants": true
        },
        {
          "isExcluded": false,
          "concept": {
            "INVALID_REASON_CAPTION": "Valid",
            "CONCEPT_ID": 36054908,
            "STANDARD_CONCEPT": "S",
            "CONCEPT_CODE": "OMOP4980207",
            "VOCABULARY_ID": "RxNorm Extension",
            "CONCEPT_NAME": "20 ML remdesivir 5 MG/ML Injectable Solution by Gilead",
            "DOMAIN_ID": "Drug",
            "STANDARD_CONCEPT_CAPTION": "Standard",
            "CONCEPT_CLASS_ID": "Marketed Product",
            "INVALID_REASON": "V"
          },
          "includeMapped": false,
          "includeDescendants": true
        },
        {
          "isExcluded": false,
          "concept": {
            "INVALID_REASON_CAPTION": "Valid",
            "CONCEPT_ID": 36054913,
            "STANDARD_CONCEPT": "S",
            "CONCEPT_CODE": "OMOP4980212",
            "VOCABULARY_ID": "RxNorm Extension",
            "CONCEPT_NAME": "20 ML remdesivir 5 MG/ML Injectable Solution [Veklury]",
            "DOMAIN_ID": "Drug",
            "STANDARD_CONCEPT_CAPTION": "Standard",
            "CONCEPT_CLASS_ID": "Quant Branded Drug",
            "INVALID_REASON": "V"
          },
          "includeMapped": false,
          "includeDescendants": true
        },
        {
          "isExcluded": false,
          "concept": {
            "INVALID_REASON_CAPTION": "Valid",
            "CONCEPT_ID": 35896639,
            "STANDARD_CONCEPT": "S",
            "CONCEPT_CODE": "OMOP5040874",
            "VOCABULARY_ID": "RxNorm Extension",
            "CONCEPT_NAME": "20 ML remdesivir 5 MG/ML Injectable Solution [Veklury]",
            "DOMAIN_ID": "Drug",
            "STANDARD_CONCEPT_CAPTION": "Standard",
            "CONCEPT_CLASS_ID": "Quant Branded Drug",
            "INVALID_REASON": "V"
          },
          "includeMapped": false,
          "includeDescendants": true
        },
        {
          "isExcluded": false,
          "concept": {
            "INVALID_REASON_CAPTION": "Valid",
            "CONCEPT_ID": 35896637,
            "STANDARD_CONCEPT": "S",
            "CONCEPT_CODE": "OMOP5040872",
            "VOCABULARY_ID": "RxNorm Extension",
            "CONCEPT_NAME": "20 ML remdesivir 5 MG/ML Injectable Solution [Veklury] Box of 1",
            "DOMAIN_ID": "Drug",
            "STANDARD_CONCEPT_CAPTION": "Standard",
            "CONCEPT_CLASS_ID": "Quant Branded Box",
            "INVALID_REASON": "V"
          },
          "includeMapped": false,
          "includeDescendants": true
        },
        {
          "isExcluded": false,
          "concept": {
            "INVALID_REASON_CAPTION": "Valid",
            "CONCEPT_ID": 36054911,
            "STANDARD_CONCEPT": "S",
            "CONCEPT_CODE": "OMOP4980210",
            "VOCABULARY_ID": "RxNorm Extension",
            "CONCEPT_NAME": "20 ML remdesivir 5 MG/ML Injectable Solution [Veklury] Box of 1",
            "DOMAIN_ID": "Drug",
            "STANDARD_CONCEPT_CAPTION": "Standard",
            "CONCEPT_CLASS_ID": "Quant Branded Box",
            "INVALID_REASON": "V"
          },
          "includeMapped": false,
          "includeDescendants": true
        },
        {
          "isExcluded": false,
          "concept": {
            "INVALID_REASON_CAPTION": "Valid",
            "CONCEPT_ID": 36054910,
            "STANDARD_CONCEPT": "S",
            "CONCEPT_CODE": "OMOP4980209",
            "VOCABULARY_ID": "RxNorm Extension",
            "CONCEPT_NAME": "20 ML remdesivir 5 MG/ML Injectable Solution [Veklury] Box of 1 by Gilead",
            "DOMAIN_ID": "Drug",
            "STANDARD_CONCEPT_CAPTION": "Standard",
            "CONCEPT_CLASS_ID": "Marketed Product",
            "INVALID_REASON": "V"
          },
          "includeMapped": false,
          "includeDescendants": true
        },
        {
          "isExcluded": false,
          "concept": {
            "INVALID_REASON_CAPTION": "Valid",
            "CONCEPT_ID": 35896636,
            "STANDARD_CONCEPT": "S",
            "CONCEPT_CODE": "OMOP5040871",
            "VOCABULARY_ID": "RxNorm Extension",
            "CONCEPT_NAME": "20 ML remdesivir 5 MG/ML Injectable Solution [Veklury] Box of 1 by Gilead",
            "DOMAIN_ID": "Drug",
            "STANDARD_CONCEPT_CAPTION": "Standard",
            "CONCEPT_CLASS_ID": "Marketed Product",
            "INVALID_REASON": "V"
          },
          "includeMapped": false,
          "includeDescendants": true
        },
        {
          "isExcluded": false,
          "concept": {
            "INVALID_REASON_CAPTION": "Valid",
            "CONCEPT_ID": 35896638,
            "STANDARD_CONCEPT": "S",
            "CONCEPT_CODE": "OMOP5040873",
            "VOCABULARY_ID": "RxNorm Extension",
            "CONCEPT_NAME": "20 ML remdesivir 5 MG/ML Injectable Solution [Veklury] by Gilead",
            "DOMAIN_ID": "Drug",
            "STANDARD_CONCEPT_CAPTION": "Standard",
            "CONCEPT_CLASS_ID": "Marketed Product",
            "INVALID_REASON": "V"
          },
          "includeMapped": false,
          "includeDescendants": true
        },
        {
          "isExcluded": false,
          "concept": {
            "INVALID_REASON_CAPTION": "Valid",
            "CONCEPT_ID": 36054912,
            "STANDARD_CONCEPT": "S",
            "CONCEPT_CODE": "OMOP4980211",
            "VOCABULARY_ID": "RxNorm Extension",
            "CONCEPT_NAME": "20 ML remdesivir 5 MG/ML Injectable Solution [Veklury] by Gilead",
            "DOMAIN_ID": "Drug",
            "STANDARD_CONCEPT_CAPTION": "Standard",
            "CONCEPT_CLASS_ID": "Marketed Product",
            "INVALID_REASON": "V"
          },
          "includeMapped": false,
          "includeDescendants": true
        },
        {
          "isExcluded": false,
          "concept": {
            "INVALID_REASON_CAPTION": "Valid",
            "CONCEPT_ID": 1146730,
            "STANDARD_CONCEPT": "S",
            "CONCEPT_CODE": "2367758",
            "VOCABULARY_ID": "RxNorm",
            "CONCEPT_NAME": "20 ML remdesivir 5 MG/ML Injection",
            "DOMAIN_ID": "Drug",
            "STANDARD_CONCEPT_CAPTION": "Standard",
            "CONCEPT_CLASS_ID": "Quant Clinical Drug",
            "INVALID_REASON": "V"
          },
          "includeMapped": false,
          "includeDescendants": true
        },
        {
          "isExcluded": false,
          "concept": {
            "INVALID_REASON_CAPTION": "Valid",
            "CONCEPT_ID": 42796750,
            "STANDARD_CONCEPT": "N",
            "CONCEPT_CODE": "61958290202",
            "VOCABULARY_ID": "NDC",
            "CONCEPT_NAME": "20 ML remdesivir 5 MG/ML Injection [Veklury]",
            "DOMAIN_ID": "Drug",
            "STANDARD_CONCEPT_CAPTION": "Non-Standard",
            "CONCEPT_CLASS_ID": "11-digit NDC",
            "INVALID_REASON": "V"
          },
          "includeMapped": false,
          "includeDescendants": true
        },
        {
          "isExcluded": false,
          "concept": {
            "INVALID_REASON_CAPTION": "Valid",
            "CONCEPT_ID": 43550047,
            "STANDARD_CONCEPT": "N",
            "CONCEPT_CODE": "61958290201",
            "VOCABULARY_ID": "NDC",
            "CONCEPT_NAME": "20 ML remdesivir 5 MG/ML Injection [Veklury]",
            "DOMAIN_ID": "Drug",
            "STANDARD_CONCEPT_CAPTION": "Non-Standard",
            "CONCEPT_CLASS_ID": "11-digit NDC",
            "INVALID_REASON": "V"
          },
          "includeMapped": false,
          "includeDescendants": true
        },
        {
          "isExcluded": false,
          "concept": {
            "INVALID_REASON_CAPTION": "Valid",
            "CONCEPT_ID": 37003601,
            "STANDARD_CONCEPT": "S",
            "CONCEPT_CODE": "2395504",
            "VOCABULARY_ID": "RxNorm",
            "CONCEPT_NAME": "20 ML remdesivir 5 MG/ML Injection [Veklury]",
            "DOMAIN_ID": "Drug",
            "STANDARD_CONCEPT_CAPTION": "Standard",
            "CONCEPT_CLASS_ID": "Quant Branded Drug",
            "INVALID_REASON": "V"
          },
          "includeMapped": false,
          "includeDescendants": true
        },
        {
          "isExcluded": false,
          "concept": {
            "INVALID_REASON_CAPTION": "Valid",
            "CONCEPT_ID": 3655983,
            "STANDARD_CONCEPT": "S",
            "CONCEPT_CODE": "870600003",
            "VOCABULARY_ID": "SNOMED",
            "CONCEPT_NAME": "Administration of remdesivir",
            "DOMAIN_ID": "Procedure",
            "STANDARD_CONCEPT_CAPTION": "Standard",
            "CONCEPT_CLASS_ID": "Procedure",
            "INVALID_REASON": "V"
          },
          "includeMapped": false,
          "includeDescendants": true
        },
        {
          "isExcluded": false,
          "concept": {
            "INVALID_REASON_CAPTION": "Valid",
            "CONCEPT_ID": 1781305,
            "STANDARD_CONCEPT": "N",
            "CONCEPT_CODE": "XW043E5",
            "VOCABULARY_ID": "ICD10PCS",
            "CONCEPT_NAME": "Introduction of Remdesivir Anti-infective into Central Vein, Percutaneous Approach, New Technology Group 5",
            "DOMAIN_ID": "Drug",
            "STANDARD_CONCEPT_CAPTION": "Non-Standard",
            "CONCEPT_CLASS_ID": "ICD10PCS",
            "INVALID_REASON": "V"
          },
          "includeMapped": false,
          "includeDescendants": true
        },
        {
          "isExcluded": false,
          "concept": {
            "INVALID_REASON_CAPTION": "Valid",
            "CONCEPT_ID": 1781301,
            "STANDARD_CONCEPT": "N",
            "CONCEPT_CODE": "XW033E5",
            "VOCABULARY_ID": "ICD10PCS",
            "CONCEPT_NAME": "Introduction of Remdesivir Anti-infective into Peripheral Vein, Percutaneous Approach, New Technology Group 5",
            "DOMAIN_ID": "Drug",
            "STANDARD_CONCEPT_CAPTION": "Non-Standard",
            "CONCEPT_CLASS_ID": "ICD10PCS",
            "INVALID_REASON": "V"
          },
          "includeMapped": false,
          "includeDescendants": true
        },
        {
          "isExcluded": false,
          "concept": {
            "INVALID_REASON_CAPTION": "Valid",
            "CONCEPT_ID": 37499271,
            "STANDARD_CONCEPT": "S",
            "CONCEPT_CODE": "2284718",
            "VOCABULARY_ID": "RxNorm",
            "CONCEPT_NAME": "remdesivir",
            "DOMAIN_ID": "Drug",
            "STANDARD_CONCEPT_CAPTION": "Standard",
            "CONCEPT_CLASS_ID": "Ingredient",
            "INVALID_REASON": "V"
          },
          "includeMapped": false,
          "includeDescendants": true
        },
        {
          "isExcluded": false,
          "concept": {
            "INVALID_REASON_CAPTION": "Valid",
            "CONCEPT_ID": 957768,
            "STANDARD_CONCEPT": "N",
            "CONCEPT_CODE": "C000606551",
            "VOCABULARY_ID": "MeSH",
            "CONCEPT_NAME": "remdesivir",
            "DOMAIN_ID": "Drug",
            "STANDARD_CONCEPT_CAPTION": "Non-Standard",
            "CONCEPT_CLASS_ID": "Suppl Concept",
            "INVALID_REASON": "V"
          },
          "includeMapped": false,
          "includeDescendants": true
        },
        {
          "isExcluded": false,
          "concept": {
            "INVALID_REASON_CAPTION": "Valid",
            "CONCEPT_ID": 3658363,
            "STANDARD_CONCEPT": "N",
            "CONCEPT_CODE": "38377611000001105",
            "VOCABULARY_ID": "SNOMED",
            "CONCEPT_NAME": "Remdesivir",
            "DOMAIN_ID": "Drug",
            "STANDARD_CONCEPT_CAPTION": "Non-Standard",
            "CONCEPT_CLASS_ID": "Pharma/Biol Product",
            "INVALID_REASON": "V"
          },
          "includeMapped": false,
          "includeDescendants": true
        },
        {
          "isExcluded": false,
          "concept": {
            "INVALID_REASON_CAPTION": "Valid",
            "CONCEPT_ID": 3666998,
            "STANDARD_CONCEPT": "N",
            "CONCEPT_CODE": "870592005",
            "VOCABULARY_ID": "SNOMED",
            "CONCEPT_NAME": "Remdesivir",
            "DOMAIN_ID": "Drug",
            "STANDARD_CONCEPT_CAPTION": "Non-Standard",
            "CONCEPT_CLASS_ID": "Substance",
            "INVALID_REASON": "V"
          },
          "includeMapped": false,
          "includeDescendants": true
        },
        {
          "isExcluded": false,
          "concept": {
            "INVALID_REASON_CAPTION": "Valid",
            "CONCEPT_ID": 36080271,
            "STANDARD_CONCEPT": "N",
            "CONCEPT_CODE": "38376211000001106",
            "VOCABULARY_ID": "dm+d",
            "CONCEPT_NAME": "Remdesivir",
            "DOMAIN_ID": "Drug",
            "STANDARD_CONCEPT_CAPTION": "Non-Standard",
            "CONCEPT_CLASS_ID": "Ingredient",
            "INVALID_REASON": "V"
          },
          "includeMapped": false,
          "includeDescendants": true
        },
        {
          "isExcluded": false,
          "concept": {
            "INVALID_REASON_CAPTION": "Invalid",
            "CONCEPT_ID": 32763,
            "STANDARD_CONCEPT": "N",
            "CONCEPT_CODE": "OMOP4873974",
            "VOCABULARY_ID": "RxNorm Extension",
            "CONCEPT_NAME": "Remdesivir",
            "DOMAIN_ID": "Drug",
            "STANDARD_CONCEPT_CAPTION": "Non-Standard",
            "CONCEPT_CLASS_ID": "Ingredient",
            "INVALID_REASON": "U"
          },
          "includeMapped": false,
          "includeDescendants": true
        },
        {
          "isExcluded": false,
          "concept": {
            "INVALID_REASON_CAPTION": "Invalid",
            "CONCEPT_ID": 3574635,
            "STANDARD_CONCEPT": "N",
            "CONCEPT_CODE": "38376211000001106",
            "VOCABULARY_ID": "SNOMED",
            "CONCEPT_NAME": "Remdesivir",
            "DOMAIN_ID": "Drug",
            "STANDARD_CONCEPT_CAPTION": "Non-Standard",
            "CONCEPT_CLASS_ID": "Substance",
            "INVALID_REASON": "U"
          },
          "includeMapped": false,
          "includeDescendants": true
        },
        {
          "isExcluded": false,
          "concept": {
            "INVALID_REASON_CAPTION": "Valid",
            "CONCEPT_ID": 37499272,
            "STANDARD_CONCEPT": "S",
            "CONCEPT_CODE": "2284957",
            "VOCABULARY_ID": "RxNorm",
            "CONCEPT_NAME": "remdesivir 100 MG",
            "DOMAIN_ID": "Drug",
            "STANDARD_CONCEPT_CAPTION": "Standard",
            "CONCEPT_CLASS_ID": "Clinical Drug Comp",
            "INVALID_REASON": "V"
          },
          "includeMapped": false,
          "includeDescendants": true
        },
        {
          "isExcluded": false,
          "concept": {
            "INVALID_REASON_CAPTION": "Valid",
            "CONCEPT_ID": 35113133,
            "STANDARD_CONCEPT": "N",
            "CONCEPT_CODE": "619582901",
            "VOCABULARY_ID": "NDC",
            "CONCEPT_NAME": "remdesivir 100mg/1 INTRAVENOUS INJECTION, POWDER, LYOPHILIZED, FOR SOLUTION",
            "DOMAIN_ID": "Drug",
            "STANDARD_CONCEPT_CAPTION": "Non-Standard",
            "CONCEPT_CLASS_ID": "9-digit NDC",
            "INVALID_REASON": "V"
          },
          "includeMapped": false,
          "includeDescendants": true
        },
        {
          "isExcluded": false,
          "concept": {
            "INVALID_REASON_CAPTION": "Valid",
            "CONCEPT_ID": 1212096,
            "STANDARD_CONCEPT": "C",
            "CONCEPT_CODE": "b6c1c778-514e-cbe3-e053-2a95a90ac7fa",
            "VOCABULARY_ID": "SPL",
            "CONCEPT_NAME": "remdesivir 100mg/1 INTRAVENOUS INJECTION, POWDER, LYOPHILIZED, FOR SOLUTION [veklury]",
            "DOMAIN_ID": "Drug",
            "STANDARD_CONCEPT_CAPTION": "Classification",
            "CONCEPT_CLASS_ID": "Prescription Drug",
            "INVALID_REASON": "V"
          },
          "includeMapped": false,
          "includeDescendants": true
        },
        {
          "isExcluded": false,
          "concept": {
            "INVALID_REASON_CAPTION": "Valid",
            "CONCEPT_ID": 36395490,
            "STANDARD_CONCEPT": "C",
            "CONCEPT_CODE": "bee06561-2300-4296-808a-68c174505a81",
            "VOCABULARY_ID": "SPL",
            "CONCEPT_NAME": "remdesivir 100mg/1 INTRAVENOUS INJECTION, POWDER, LYOPHILIZED, FOR SOLUTION [veklury]",
            "DOMAIN_ID": "Drug",
            "STANDARD_CONCEPT_CAPTION": "Classification",
            "CONCEPT_CLASS_ID": "Prescription Drug",
            "INVALID_REASON": "V"
          },
          "includeMapped": false,
          "includeDescendants": true
        },
        {
          "isExcluded": false,
          "concept": {
            "INVALID_REASON_CAPTION": "Valid",
            "CONCEPT_ID": 36080272,
            "STANDARD_CONCEPT": "N",
            "CONCEPT_CODE": "38377011000001103",
            "VOCABULARY_ID": "dm+d",
            "CONCEPT_NAME": "Remdesivir 100mg/20ml concentrate for solution for infusion vials",
            "DOMAIN_ID": "Drug",
            "STANDARD_CONCEPT_CAPTION": "Non-Standard",
            "CONCEPT_CLASS_ID": "AMP",
            "INVALID_REASON": "V"
          },
          "includeMapped": false,
          "includeDescendants": true
        },
        {
          "isExcluded": false,
          "concept": {
            "INVALID_REASON_CAPTION": "Valid",
            "CONCEPT_ID": 3658357,
            "STANDARD_CONCEPT": "N",
            "CONCEPT_CODE": "38377011000001103",
            "VOCABULARY_ID": "SNOMED",
            "CONCEPT_NAME": "Remdesivir 100mg/20ml concentrate for solution for infusion vials (Gilead Sciences Ireland UC)",
            "DOMAIN_ID": "Drug",
            "STANDARD_CONCEPT_CAPTION": "Non-Standard",
            "CONCEPT_CLASS_ID": "Pharma/Biol Product",
            "INVALID_REASON": "V"
          },
          "includeMapped": false,
          "includeDescendants": true
        },
        {
          "isExcluded": false,
          "concept": {
            "INVALID_REASON_CAPTION": "Valid",
            "CONCEPT_ID": 3658358,
            "STANDARD_CONCEPT": "N",
            "CONCEPT_CODE": "38377111000001102",
            "VOCABULARY_ID": "SNOMED",
            "CONCEPT_NAME": "Remdesivir 100mg/20ml concentrate for solution for infusion vials (Gilead Sciences Ireland UC) 1 vial",
            "DOMAIN_ID": "Drug",
            "STANDARD_CONCEPT_CAPTION": "Non-Standard",
            "CONCEPT_CLASS_ID": "Pharma/Biol Product",
            "INVALID_REASON": "V"
          },
          "includeMapped": false,
          "includeDescendants": true
        },
        {
          "isExcluded": false,
          "concept": {
            "INVALID_REASON_CAPTION": "Valid",
            "CONCEPT_ID": 36080273,
            "STANDARD_CONCEPT": "N",
            "CONCEPT_CODE": "38377111000001102",
            "VOCABULARY_ID": "dm+d",
            "CONCEPT_NAME": "Remdesivir 100mg/20ml concentrate for solution for infusion vials (Gilead Sciences Ireland UC) 1 vial",
            "DOMAIN_ID": "Drug",
            "STANDARD_CONCEPT_CAPTION": "Non-Standard",
            "CONCEPT_CLASS_ID": "AMPP",
            "INVALID_REASON": "V"
          },
          "includeMapped": false,
          "includeDescendants": true
        },
        {
          "isExcluded": false,
          "concept": {
            "INVALID_REASON_CAPTION": "Valid",
            "CONCEPT_ID": 36080274,
            "STANDARD_CONCEPT": "N",
            "CONCEPT_CODE": "38377311000001100",
            "VOCABULARY_ID": "dm+d",
            "CONCEPT_NAME": "Remdesivir 100mg/20ml solution for infusion vials",
            "DOMAIN_ID": "Drug",
            "STANDARD_CONCEPT_CAPTION": "Non-Standard",
            "CONCEPT_CLASS_ID": "VMP",
            "INVALID_REASON": "V"
          },
          "includeMapped": false,
          "includeDescendants": true
        },
        {
          "isExcluded": false,
          "concept": {
            "INVALID_REASON_CAPTION": "Valid",
            "CONCEPT_ID": 3658360,
            "STANDARD_CONCEPT": "N",
            "CONCEPT_CODE": "38377311000001100",
            "VOCABULARY_ID": "SNOMED",
            "CONCEPT_NAME": "Remdesivir 100mg/20ml solution for infusion vials",
            "DOMAIN_ID": "Drug",
            "STANDARD_CONCEPT_CAPTION": "Non-Standard",
            "CONCEPT_CLASS_ID": "Pharma/Biol Product",
            "INVALID_REASON": "V"
          },
          "includeMapped": false,
          "includeDescendants": true
        },
        {
          "isExcluded": false,
          "concept": {
            "INVALID_REASON_CAPTION": "Valid",
            "CONCEPT_ID": 3658356,
            "STANDARD_CONCEPT": "N",
            "CONCEPT_CODE": "38376911000001102",
            "VOCABULARY_ID": "SNOMED",
            "CONCEPT_NAME": "Remdesivir 100mg/20ml solution for infusion vials 1 vial",
            "DOMAIN_ID": "Drug",
            "STANDARD_CONCEPT_CAPTION": "Non-Standard",
            "CONCEPT_CLASS_ID": "Pharma/Biol Product",
            "INVALID_REASON": "V"
          },
          "includeMapped": false,
          "includeDescendants": true
        },
        {
          "isExcluded": false,
          "concept": {
            "INVALID_REASON_CAPTION": "Valid",
            "CONCEPT_ID": 36080275,
            "STANDARD_CONCEPT": "N",
            "CONCEPT_CODE": "38376911000001102",
            "VOCABULARY_ID": "dm+d",
            "CONCEPT_NAME": "Remdesivir 100mg/20ml solution for infusion vials 1 vial",
            "DOMAIN_ID": "Drug",
            "STANDARD_CONCEPT_CAPTION": "Non-Standard",
            "CONCEPT_CLASS_ID": "VMPP",
            "INVALID_REASON": "V"
          },
          "includeMapped": false,
          "includeDescendants": true
        },
        {
          "isExcluded": false,
          "concept": {
            "INVALID_REASON_CAPTION": "Valid",
            "CONCEPT_ID": 36057821,
            "STANDARD_CONCEPT": "S",
            "CONCEPT_CODE": "OMOP4983379",
            "VOCABULARY_ID": "RxNorm Extension",
            "CONCEPT_NAME": "remdesivir 100 MG Injectable Solution",
            "DOMAIN_ID": "Drug",
            "STANDARD_CONCEPT_CAPTION": "Standard",
            "CONCEPT_CLASS_ID": "Clinical Drug",
            "INVALID_REASON": "V"
          },
          "includeMapped": false,
          "includeDescendants": true
        },
        {
          "isExcluded": false,
          "concept": {
            "INVALID_REASON_CAPTION": "Valid",
            "CONCEPT_ID": 36057819,
            "STANDARD_CONCEPT": "S",
            "CONCEPT_CODE": "OMOP4983377",
            "VOCABULARY_ID": "RxNorm Extension",
            "CONCEPT_NAME": "remdesivir 100 MG Injectable Solution Box of 1",
            "DOMAIN_ID": "Drug",
            "STANDARD_CONCEPT_CAPTION": "Standard",
            "CONCEPT_CLASS_ID": "Clinical Drug Box",
            "INVALID_REASON": "V"
          },
          "includeMapped": false,
          "includeDescendants": true
        },
        {
          "isExcluded": false,
          "concept": {
            "INVALID_REASON_CAPTION": "Valid",
            "CONCEPT_ID": 36057817,
            "STANDARD_CONCEPT": "S",
            "CONCEPT_CODE": "OMOP4983376",
            "VOCABULARY_ID": "RxNorm Extension",
            "CONCEPT_NAME": "remdesivir 100 MG Injectable Solution Box of 1 by Gilead",
            "DOMAIN_ID": "Drug",
            "STANDARD_CONCEPT_CAPTION": "Standard",
            "CONCEPT_CLASS_ID": "Marketed Product",
            "INVALID_REASON": "V"
          },
          "includeMapped": false,
          "includeDescendants": true
        },
        {
          "isExcluded": false,
          "concept": {
            "INVALID_REASON_CAPTION": "Valid",
            "CONCEPT_ID": 36057820,
            "STANDARD_CONCEPT": "S",
            "CONCEPT_CODE": "OMOP4983378",
            "VOCABULARY_ID": "RxNorm Extension",
            "CONCEPT_NAME": "remdesivir 100 MG Injectable Solution by Gilead",
            "DOMAIN_ID": "Drug",
            "STANDARD_CONCEPT_CAPTION": "Standard",
            "CONCEPT_CLASS_ID": "Marketed Product",
            "INVALID_REASON": "V"
          },
          "includeMapped": false,
          "includeDescendants": true
        },
        {
          "isExcluded": false,
          "concept": {
            "INVALID_REASON_CAPTION": "Valid",
            "CONCEPT_ID": 36057825,
            "STANDARD_CONCEPT": "S",
            "CONCEPT_CODE": "OMOP4983383",
            "VOCABULARY_ID": "RxNorm Extension",
            "CONCEPT_NAME": "remdesivir 100 MG Injectable Solution [Veklury]",
            "DOMAIN_ID": "Drug",
            "STANDARD_CONCEPT_CAPTION": "Standard",
            "CONCEPT_CLASS_ID": "Branded Drug",
            "INVALID_REASON": "V"
          },
          "includeMapped": false,
          "includeDescendants": true
        },
        {
          "isExcluded": false,
          "concept": {
            "INVALID_REASON_CAPTION": "Valid",
            "CONCEPT_ID": 35896882,
            "STANDARD_CONCEPT": "S",
            "CONCEPT_CODE": "OMOP5041117",
            "VOCABULARY_ID": "RxNorm Extension",
            "CONCEPT_NAME": "remdesivir 100 MG Injectable Solution [Veklury]",
            "DOMAIN_ID": "Drug",
            "STANDARD_CONCEPT_CAPTION": "Standard",
            "CONCEPT_CLASS_ID": "Branded Drug",
            "INVALID_REASON": "V"
          },
          "includeMapped": false,
          "includeDescendants": true
        },
        {
          "isExcluded": false,
          "concept": {
            "INVALID_REASON_CAPTION": "Valid",
            "CONCEPT_ID": 35896880,
            "STANDARD_CONCEPT": "S",
            "CONCEPT_CODE": "OMOP5041115",
            "VOCABULARY_ID": "RxNorm Extension",
            "CONCEPT_NAME": "remdesivir 100 MG Injectable Solution [Veklury] Box of 1",
            "DOMAIN_ID": "Drug",
            "STANDARD_CONCEPT_CAPTION": "Standard",
            "CONCEPT_CLASS_ID": "Branded Drug Box",
            "INVALID_REASON": "V"
          },
          "includeMapped": false,
          "includeDescendants": true
        },
        {
          "isExcluded": false,
          "concept": {
            "INVALID_REASON_CAPTION": "Valid",
            "CONCEPT_ID": 36057823,
            "STANDARD_CONCEPT": "S",
            "CONCEPT_CODE": "OMOP4983381",
            "VOCABULARY_ID": "RxNorm Extension",
            "CONCEPT_NAME": "remdesivir 100 MG Injectable Solution [Veklury] Box of 1",
            "DOMAIN_ID": "Drug",
            "STANDARD_CONCEPT_CAPTION": "Standard",
            "CONCEPT_CLASS_ID": "Branded Drug Box",
            "INVALID_REASON": "V"
          },
          "includeMapped": false,
          "includeDescendants": true
        },
        {
          "isExcluded": false,
          "concept": {
            "INVALID_REASON_CAPTION": "Valid",
            "CONCEPT_ID": 36057822,
            "STANDARD_CONCEPT": "S",
            "CONCEPT_CODE": "OMOP4983380",
            "VOCABULARY_ID": "RxNorm Extension",
            "CONCEPT_NAME": "remdesivir 100 MG Injectable Solution [Veklury] Box of 1 by Gilead",
            "DOMAIN_ID": "Drug",
            "STANDARD_CONCEPT_CAPTION": "Standard",
            "CONCEPT_CLASS_ID": "Marketed Product",
            "INVALID_REASON": "V"
          },
          "includeMapped": false,
          "includeDescendants": true
        },
        {
          "isExcluded": false,
          "concept": {
            "INVALID_REASON_CAPTION": "Valid",
            "CONCEPT_ID": 35896879,
            "STANDARD_CONCEPT": "S",
            "CONCEPT_CODE": "OMOP5041114",
            "VOCABULARY_ID": "RxNorm Extension",
            "CONCEPT_NAME": "remdesivir 100 MG Injectable Solution [Veklury] Box of 1 by Gilead",
            "DOMAIN_ID": "Drug",
            "STANDARD_CONCEPT_CAPTION": "Standard",
            "CONCEPT_CLASS_ID": "Marketed Product",
            "INVALID_REASON": "V"
          },
          "includeMapped": false,
          "includeDescendants": true
        },
        {
          "isExcluded": false,
          "concept": {
            "INVALID_REASON_CAPTION": "Valid",
            "CONCEPT_ID": 35896881,
            "STANDARD_CONCEPT": "S",
            "CONCEPT_CODE": "OMOP5041116",
            "VOCABULARY_ID": "RxNorm Extension",
            "CONCEPT_NAME": "remdesivir 100 MG Injectable Solution [Veklury] by Gilead",
            "DOMAIN_ID": "Drug",
            "STANDARD_CONCEPT_CAPTION": "Standard",
            "CONCEPT_CLASS_ID": "Marketed Product",
            "INVALID_REASON": "V"
          },
          "includeMapped": false,
          "includeDescendants": true
        },
        {
          "isExcluded": false,
          "concept": {
            "INVALID_REASON_CAPTION": "Valid",
            "CONCEPT_ID": 36057824,
            "STANDARD_CONCEPT": "S",
            "CONCEPT_CODE": "OMOP4983382",
            "VOCABULARY_ID": "RxNorm Extension",
            "CONCEPT_NAME": "remdesivir 100 MG Injectable Solution [Veklury] by Gilead",
            "DOMAIN_ID": "Drug",
            "STANDARD_CONCEPT_CAPTION": "Standard",
            "CONCEPT_CLASS_ID": "Marketed Product",
            "INVALID_REASON": "V"
          },
          "includeMapped": false,
          "includeDescendants": true
        },
        {
          "isExcluded": false,
          "concept": {
            "INVALID_REASON_CAPTION": "Valid",
            "CONCEPT_ID": 37499275,
            "STANDARD_CONCEPT": "S",
            "CONCEPT_CODE": "2284960",
            "VOCABULARY_ID": "RxNorm",
            "CONCEPT_NAME": "remdesivir 100 MG Injection",
            "DOMAIN_ID": "Drug",
            "STANDARD_CONCEPT_CAPTION": "Standard",
            "CONCEPT_CLASS_ID": "Clinical Drug",
            "INVALID_REASON": "V"
          },
          "includeMapped": false,
          "includeDescendants": true
        },
        {
          "isExcluded": false,
          "concept": {
            "INVALID_REASON_CAPTION": "Valid",
            "CONCEPT_ID": 36057811,
            "STANDARD_CONCEPT": "S",
            "CONCEPT_CODE": "OMOP4983370",
            "VOCABULARY_ID": "RxNorm Extension",
            "CONCEPT_NAME": "remdesivir 100 MG Injection Box of 1",
            "DOMAIN_ID": "Drug",
            "STANDARD_CONCEPT_CAPTION": "Standard",
            "CONCEPT_CLASS_ID": "Clinical Drug Box",
            "INVALID_REASON": "V"
          },
          "includeMapped": false,
          "includeDescendants": true
        },
        {
          "isExcluded": false,
          "concept": {
            "INVALID_REASON_CAPTION": "Valid",
            "CONCEPT_ID": 36057810,
            "STANDARD_CONCEPT": "S",
            "CONCEPT_CODE": "OMOP4983369",
            "VOCABULARY_ID": "RxNorm Extension",
            "CONCEPT_NAME": "remdesivir 100 MG Injection Box of 1 by Gilead",
            "DOMAIN_ID": "Drug",
            "STANDARD_CONCEPT_CAPTION": "Standard",
            "CONCEPT_CLASS_ID": "Marketed Product",
            "INVALID_REASON": "V"
          },
          "includeMapped": false,
          "includeDescendants": true
        },
        {
          "isExcluded": false,
          "concept": {
            "INVALID_REASON_CAPTION": "Valid",
            "CONCEPT_ID": 36057812,
            "STANDARD_CONCEPT": "S",
            "CONCEPT_CODE": "OMOP4983371",
            "VOCABULARY_ID": "RxNorm Extension",
            "CONCEPT_NAME": "remdesivir 100 MG Injection by Gilead",
            "DOMAIN_ID": "Drug",
            "STANDARD_CONCEPT_CAPTION": "Standard",
            "CONCEPT_CLASS_ID": "Marketed Product",
            "INVALID_REASON": "V"
          },
          "includeMapped": false,
          "includeDescendants": true
        },
        {
          "isExcluded": false,
          "concept": {
            "INVALID_REASON_CAPTION": "Invalid",
            "CONCEPT_ID": 36057816,
            "STANDARD_CONCEPT": "N",
            "CONCEPT_CODE": "OMOP4983375",
            "VOCABULARY_ID": "RxNorm Extension",
            "CONCEPT_NAME": "remdesivir 100 MG Injection [Veklury]",
            "DOMAIN_ID": "Drug",
            "STANDARD_CONCEPT_CAPTION": "Non-Standard",
            "CONCEPT_CLASS_ID": "Branded Drug",
            "INVALID_REASON": "U"
          },
          "includeMapped": false,
          "includeDescendants": true
        },
        {
          "isExcluded": false,
          "concept": {
            "INVALID_REASON_CAPTION": "Valid",
            "CONCEPT_ID": 35108592,
            "STANDARD_CONCEPT": "N",
            "CONCEPT_CODE": "61958290101",
            "VOCABULARY_ID": "NDC",
            "CONCEPT_NAME": "remdesivir 100 MG Injection [Veklury]",
            "DOMAIN_ID": "Drug",
            "STANDARD_CONCEPT_CAPTION": "Non-Standard",
            "CONCEPT_CLASS_ID": "11-digit NDC",
            "INVALID_REASON": "V"
          },
          "includeMapped": false,
          "includeDescendants": true
        },
        {
          "isExcluded": false,
          "concept": {
            "INVALID_REASON_CAPTION": "Valid",
            "CONCEPT_ID": 37002796,
            "STANDARD_CONCEPT": "S",
            "CONCEPT_CODE": "2395502",
            "VOCABULARY_ID": "RxNorm",
            "CONCEPT_NAME": "remdesivir 100 MG Injection [Veklury]",
            "DOMAIN_ID": "Drug",
            "STANDARD_CONCEPT_CAPTION": "Standard",
            "CONCEPT_CLASS_ID": "Branded Drug",
            "INVALID_REASON": "V"
          },
          "includeMapped": false,
          "includeDescendants": true
        },
        {
          "isExcluded": false,
          "concept": {
            "INVALID_REASON_CAPTION": "Valid",
            "CONCEPT_ID": 42796858,
            "STANDARD_CONCEPT": "N",
            "CONCEPT_CODE": "61958290102",
            "VOCABULARY_ID": "NDC",
            "CONCEPT_NAME": "remdesivir 100 MG Injection [Veklury]",
            "DOMAIN_ID": "Drug",
            "STANDARD_CONCEPT_CAPTION": "Non-Standard",
            "CONCEPT_CLASS_ID": "11-digit NDC",
            "INVALID_REASON": "V"
          },
          "includeMapped": false,
          "includeDescendants": true
        },
        {
          "isExcluded": false,
          "concept": {
            "INVALID_REASON_CAPTION": "Valid",
            "CONCEPT_ID": 36057814,
            "STANDARD_CONCEPT": "S",
            "CONCEPT_CODE": "OMOP4983373",
            "VOCABULARY_ID": "RxNorm Extension",
            "CONCEPT_NAME": "remdesivir 100 MG Injection [Veklury] Box of 1",
            "DOMAIN_ID": "Drug",
            "STANDARD_CONCEPT_CAPTION": "Standard",
            "CONCEPT_CLASS_ID": "Branded Drug Box",
            "INVALID_REASON": "V"
          },
          "includeMapped": false,
          "includeDescendants": true
        },
        {
          "isExcluded": false,
          "concept": {
            "INVALID_REASON_CAPTION": "Valid",
            "CONCEPT_ID": 36057813,
            "STANDARD_CONCEPT": "S",
            "CONCEPT_CODE": "OMOP4983372",
            "VOCABULARY_ID": "RxNorm Extension",
            "CONCEPT_NAME": "remdesivir 100 MG Injection [Veklury] Box of 1 by Gilead",
            "DOMAIN_ID": "Drug",
            "STANDARD_CONCEPT_CAPTION": "Standard",
            "CONCEPT_CLASS_ID": "Marketed Product",
            "INVALID_REASON": "V"
          },
          "includeMapped": false,
          "includeDescendants": true
        },
        {
          "isExcluded": false,
          "concept": {
            "INVALID_REASON_CAPTION": "Valid",
            "CONCEPT_ID": 36057815,
            "STANDARD_CONCEPT": "S",
            "CONCEPT_CODE": "OMOP4983374",
            "VOCABULARY_ID": "RxNorm Extension",
            "CONCEPT_NAME": "remdesivir 100 MG Injection [Veklury] by Gilead",
            "DOMAIN_ID": "Drug",
            "STANDARD_CONCEPT_CAPTION": "Standard",
            "CONCEPT_CLASS_ID": "Marketed Product",
            "INVALID_REASON": "V"
          },
          "includeMapped": false,
          "includeDescendants": true
        },
        {
          "isExcluded": false,
          "concept": {
            "INVALID_REASON_CAPTION": "Valid",
            "CONCEPT_ID": 36080276,
            "STANDARD_CONCEPT": "N",
            "CONCEPT_CODE": "38376411000001105",
            "VOCABULARY_ID": "dm+d",
            "CONCEPT_NAME": "Remdesivir 100mg powder for concentrate for solution for infusion vials",
            "DOMAIN_ID": "Drug",
            "STANDARD_CONCEPT_CAPTION": "Non-Standard",
            "CONCEPT_CLASS_ID": "AMP",
            "INVALID_REASON": "V"
          },
          "includeMapped": false,
          "includeDescendants": true
        },
        {
          "isExcluded": false,
          "concept": {
            "INVALID_REASON_CAPTION": "Valid",
            "CONCEPT_ID": 3658351,
            "STANDARD_CONCEPT": "N",
            "CONCEPT_CODE": "38376411000001105",
            "VOCABULARY_ID": "SNOMED",
            "CONCEPT_NAME": "Remdesivir 100mg powder for concentrate for solution for infusion vials (Gilead Sciences Ireland UC)",
            "DOMAIN_ID": "Drug",
            "STANDARD_CONCEPT_CAPTION": "Non-Standard",
            "CONCEPT_CLASS_ID": "Pharma/Biol Product",
            "INVALID_REASON": "V"
          },
          "includeMapped": false,
          "includeDescendants": true
        },
        {
          "isExcluded": false,
          "concept": {
            "INVALID_REASON_CAPTION": "Valid",
            "CONCEPT_ID": 3658352,
            "STANDARD_CONCEPT": "N",
            "CONCEPT_CODE": "38376511000001109",
            "VOCABULARY_ID": "SNOMED",
            "CONCEPT_NAME": "Remdesivir 100mg powder for concentrate for solution for infusion vials (Gilead Sciences Ireland UC) 1 vial",
            "DOMAIN_ID": "Drug",
            "STANDARD_CONCEPT_CAPTION": "Non-Standard",
            "CONCEPT_CLASS_ID": "Pharma/Biol Product",
            "INVALID_REASON": "V"
          },
          "includeMapped": false,
          "includeDescendants": true
        },
        {
          "isExcluded": false,
          "concept": {
            "INVALID_REASON_CAPTION": "Valid",
            "CONCEPT_ID": 36080277,
            "STANDARD_CONCEPT": "N",
            "CONCEPT_CODE": "38376511000001109",
            "VOCABULARY_ID": "dm+d",
            "CONCEPT_NAME": "Remdesivir 100mg powder for concentrate for solution for infusion vials (Gilead Sciences Ireland UC) 1 vial",
            "DOMAIN_ID": "Drug",
            "STANDARD_CONCEPT_CAPTION": "Non-Standard",
            "CONCEPT_CLASS_ID": "AMPP",
            "INVALID_REASON": "V"
          },
          "includeMapped": false,
          "includeDescendants": true
        },
        {
          "isExcluded": false,
          "concept": {
            "INVALID_REASON_CAPTION": "Valid",
            "CONCEPT_ID": 36080278,
            "STANDARD_CONCEPT": "N",
            "CONCEPT_CODE": "38377211000001108",
            "VOCABULARY_ID": "dm+d",
            "CONCEPT_NAME": "Remdesivir 100mg powder for solution for infusion vials",
            "DOMAIN_ID": "Drug",
            "STANDARD_CONCEPT_CAPTION": "Non-Standard",
            "CONCEPT_CLASS_ID": "VMP",
            "INVALID_REASON": "V"
          },
          "includeMapped": false,
          "includeDescendants": true
        },
        {
          "isExcluded": false,
          "concept": {
            "INVALID_REASON_CAPTION": "Valid",
            "CONCEPT_ID": 3658359,
            "STANDARD_CONCEPT": "N",
            "CONCEPT_CODE": "38377211000001108",
            "VOCABULARY_ID": "SNOMED",
            "CONCEPT_NAME": "Remdesivir 100mg powder for solution for infusion vials",
            "DOMAIN_ID": "Drug",
            "STANDARD_CONCEPT_CAPTION": "Non-Standard",
            "CONCEPT_CLASS_ID": "Pharma/Biol Product",
            "INVALID_REASON": "V"
          },
          "includeMapped": false,
          "includeDescendants": true
        },
        {
          "isExcluded": false,
          "concept": {
            "INVALID_REASON_CAPTION": "Valid",
            "CONCEPT_ID": 36080279,
            "STANDARD_CONCEPT": "N",
            "CONCEPT_CODE": "38376311000001103",
            "VOCABULARY_ID": "dm+d",
            "CONCEPT_NAME": "Remdesivir 100mg powder for solution for infusion vials 1 vial",
            "DOMAIN_ID": "Drug",
            "STANDARD_CONCEPT_CAPTION": "Non-Standard",
            "CONCEPT_CLASS_ID": "VMPP",
            "INVALID_REASON": "V"
          },
          "includeMapped": false,
          "includeDescendants": true
        },
        {
          "isExcluded": false,
          "concept": {
            "INVALID_REASON_CAPTION": "Valid",
            "CONCEPT_ID": 3658350,
            "STANDARD_CONCEPT": "N",
            "CONCEPT_CODE": "38376311000001103",
            "VOCABULARY_ID": "SNOMED",
            "CONCEPT_NAME": "Remdesivir 100mg powder for solution for infusion vials 1 vial",
            "DOMAIN_ID": "Drug",
            "STANDARD_CONCEPT_CAPTION": "Non-Standard",
            "CONCEPT_CLASS_ID": "Pharma/Biol Product",
            "INVALID_REASON": "V"
          },
          "includeMapped": false,
          "includeDescendants": true
        },
        {
          "isExcluded": false,
          "concept": {
            "INVALID_REASON_CAPTION": "Valid",
            "CONCEPT_ID": 3655947,
            "STANDARD_CONCEPT": "N",
            "CONCEPT_CODE": "870522000",
            "VOCABULARY_ID": "SNOMED",
            "CONCEPT_NAME": "Remdesivir 100 mg powder for solution for injection vial",
            "DOMAIN_ID": "Drug",
            "STANDARD_CONCEPT_CAPTION": "Non-Standard",
            "CONCEPT_CLASS_ID": "Clinical Drug",
            "INVALID_REASON": "V"
          },
          "includeMapped": false,
          "includeDescendants": true
        },
        {
          "isExcluded": false,
          "concept": {
            "INVALID_REASON_CAPTION": "Valid",
            "CONCEPT_ID": 37002793,
            "STANDARD_CONCEPT": "S",
            "CONCEPT_CODE": "2395499",
            "VOCABULARY_ID": "RxNorm",
            "CONCEPT_NAME": "remdesivir 100 MG [Veklury]",
            "DOMAIN_ID": "Drug",
            "STANDARD_CONCEPT_CAPTION": "Standard",
            "CONCEPT_CLASS_ID": "Branded Drug Comp",
            "INVALID_REASON": "V"
          },
          "includeMapped": false,
          "includeDescendants": true
        },
        {
          "isExcluded": false,
          "concept": {
            "INVALID_REASON_CAPTION": "Invalid",
            "CONCEPT_ID": 36057826,
            "STANDARD_CONCEPT": "N",
            "CONCEPT_CODE": "OMOP4983384",
            "VOCABULARY_ID": "RxNorm Extension",
            "CONCEPT_NAME": "remdesivir 100 MG [Veklury]",
            "DOMAIN_ID": "Drug",
            "STANDARD_CONCEPT_CAPTION": "Non-Standard",
            "CONCEPT_CLASS_ID": "Branded Drug Comp",
            "INVALID_REASON": "U"
          },
          "includeMapped": false,
          "includeDescendants": true
        },
        {
          "isExcluded": false,
          "concept": {
            "INVALID_REASON_CAPTION": "Valid",
            "CONCEPT_ID": 36074072,
            "STANDARD_CONCEPT": "S",
            "CONCEPT_CODE": "OMOP4983389",
            "VOCABULARY_ID": "RxNorm Extension",
            "CONCEPT_NAME": "remdesivir 150 MG",
            "DOMAIN_ID": "Drug",
            "STANDARD_CONCEPT_CAPTION": "Standard",
            "CONCEPT_CLASS_ID": "Clinical Drug Comp",
            "INVALID_REASON": "V"
          },
          "includeMapped": false,
          "includeDescendants": true
        },
        {
          "isExcluded": false,
          "concept": {
            "INVALID_REASON_CAPTION": "Valid",
            "CONCEPT_ID": 36057830,
            "STANDARD_CONCEPT": "S",
            "CONCEPT_CODE": "OMOP4983388",
            "VOCABULARY_ID": "RxNorm Extension",
            "CONCEPT_NAME": "remdesivir 150 MG Injectable Solution",
            "DOMAIN_ID": "Drug",
            "STANDARD_CONCEPT_CAPTION": "Standard",
            "CONCEPT_CLASS_ID": "Clinical Drug",
            "INVALID_REASON": "V"
          },
          "includeMapped": false,
          "includeDescendants": true
        },
        {
          "isExcluded": false,
          "concept": {
            "INVALID_REASON_CAPTION": "Valid",
            "CONCEPT_ID": 36057828,
            "STANDARD_CONCEPT": "S",
            "CONCEPT_CODE": "OMOP4983386",
            "VOCABULARY_ID": "RxNorm Extension",
            "CONCEPT_NAME": "remdesivir 150 MG Injectable Solution Box of 1",
            "DOMAIN_ID": "Drug",
            "STANDARD_CONCEPT_CAPTION": "Standard",
            "CONCEPT_CLASS_ID": "Clinical Drug Box",
            "INVALID_REASON": "V"
          },
          "includeMapped": false,
          "includeDescendants": true
        },
        {
          "isExcluded": false,
          "concept": {
            "INVALID_REASON_CAPTION": "Valid",
            "CONCEPT_ID": 36057827,
            "STANDARD_CONCEPT": "S",
            "CONCEPT_CODE": "OMOP4983385",
            "VOCABULARY_ID": "RxNorm Extension",
            "CONCEPT_NAME": "remdesivir 150 MG Injectable Solution Box of 1 by Gilead",
            "DOMAIN_ID": "Drug",
            "STANDARD_CONCEPT_CAPTION": "Standard",
            "CONCEPT_CLASS_ID": "Marketed Product",
            "INVALID_REASON": "V"
          },
          "includeMapped": false,
          "includeDescendants": true
        },
        {
          "isExcluded": false,
          "concept": {
            "INVALID_REASON_CAPTION": "Valid",
            "CONCEPT_ID": 36057829,
            "STANDARD_CONCEPT": "S",
            "CONCEPT_CODE": "OMOP4983387",
            "VOCABULARY_ID": "RxNorm Extension",
            "CONCEPT_NAME": "remdesivir 150 MG Injectable Solution by Gilead",
            "DOMAIN_ID": "Drug",
            "STANDARD_CONCEPT_CAPTION": "Standard",
            "CONCEPT_CLASS_ID": "Marketed Product",
            "INVALID_REASON": "V"
          },
          "includeMapped": false,
          "includeDescendants": true
        },
        {
          "isExcluded": false,
          "concept": {
            "INVALID_REASON_CAPTION": "Valid",
            "CONCEPT_ID": 36080280,
            "STANDARD_CONCEPT": "N",
            "CONCEPT_CODE": "38376711000001104",
            "VOCABULARY_ID": "dm+d",
            "CONCEPT_NAME": "Remdesivir 150mg powder for concentrate for solution for infusion vials",
            "DOMAIN_ID": "Drug",
            "STANDARD_CONCEPT_CAPTION": "Non-Standard",
            "CONCEPT_CLASS_ID": "AMP",
            "INVALID_REASON": "V"
          },
          "includeMapped": false,
          "includeDescendants": true
        },
        {
          "isExcluded": false,
          "concept": {
            "INVALID_REASON_CAPTION": "Valid",
            "CONCEPT_ID": 3658354,
            "STANDARD_CONCEPT": "N",
            "CONCEPT_CODE": "38376711000001104",
            "VOCABULARY_ID": "SNOMED",
            "CONCEPT_NAME": "Remdesivir 150mg powder for concentrate for solution for infusion vials (Gilead Sciences Ireland UC)",
            "DOMAIN_ID": "Drug",
            "STANDARD_CONCEPT_CAPTION": "Non-Standard",
            "CONCEPT_CLASS_ID": "Pharma/Biol Product",
            "INVALID_REASON": "V"
          },
          "includeMapped": false,
          "includeDescendants": true
        },
        {
          "isExcluded": false,
          "concept": {
            "INVALID_REASON_CAPTION": "Valid",
            "CONCEPT_ID": 3658355,
            "STANDARD_CONCEPT": "N",
            "CONCEPT_CODE": "38376811000001107",
            "VOCABULARY_ID": "SNOMED",
            "CONCEPT_NAME": "Remdesivir 150mg powder for concentrate for solution for infusion vials (Gilead Sciences Ireland UC) 1 vial",
            "DOMAIN_ID": "Drug",
            "STANDARD_CONCEPT_CAPTION": "Non-Standard",
            "CONCEPT_CLASS_ID": "Pharma/Biol Product",
            "INVALID_REASON": "V"
          },
          "includeMapped": false,
          "includeDescendants": true
        },
        {
          "isExcluded": false,
          "concept": {
            "INVALID_REASON_CAPTION": "Valid",
            "CONCEPT_ID": 36080281,
            "STANDARD_CONCEPT": "N",
            "CONCEPT_CODE": "38376811000001107",
            "VOCABULARY_ID": "dm+d",
            "CONCEPT_NAME": "Remdesivir 150mg powder for concentrate for solution for infusion vials (Gilead Sciences Ireland UC) 1 vial",
            "DOMAIN_ID": "Drug",
            "STANDARD_CONCEPT_CAPTION": "Non-Standard",
            "CONCEPT_CLASS_ID": "AMPP",
            "INVALID_REASON": "V"
          },
          "includeMapped": false,
          "includeDescendants": true
        },
        {
          "isExcluded": false,
          "concept": {
            "INVALID_REASON_CAPTION": "Valid",
            "CONCEPT_ID": 36080282,
            "STANDARD_CONCEPT": "N",
            "CONCEPT_CODE": "38377411000001107",
            "VOCABULARY_ID": "dm+d",
            "CONCEPT_NAME": "Remdesivir 150mg powder for solution for infusion vials",
            "DOMAIN_ID": "Drug",
            "STANDARD_CONCEPT_CAPTION": "Non-Standard",
            "CONCEPT_CLASS_ID": "VMP",
            "INVALID_REASON": "V"
          },
          "includeMapped": false,
          "includeDescendants": true
        },
        {
          "isExcluded": false,
          "concept": {
            "INVALID_REASON_CAPTION": "Valid",
            "CONCEPT_ID": 3658361,
            "STANDARD_CONCEPT": "N",
            "CONCEPT_CODE": "38377411000001107",
            "VOCABULARY_ID": "SNOMED",
            "CONCEPT_NAME": "Remdesivir 150mg powder for solution for infusion vials",
            "DOMAIN_ID": "Drug",
            "STANDARD_CONCEPT_CAPTION": "Non-Standard",
            "CONCEPT_CLASS_ID": "Pharma/Biol Product",
            "INVALID_REASON": "V"
          },
          "includeMapped": false,
          "includeDescendants": true
        },
        {
          "isExcluded": false,
          "concept": {
            "INVALID_REASON_CAPTION": "Valid",
            "CONCEPT_ID": 36080283,
            "STANDARD_CONCEPT": "N",
            "CONCEPT_CODE": "38376611000001108",
            "VOCABULARY_ID": "dm+d",
            "CONCEPT_NAME": "Remdesivir 150mg powder for solution for infusion vials 1 vial",
            "DOMAIN_ID": "Drug",
            "STANDARD_CONCEPT_CAPTION": "Non-Standard",
            "CONCEPT_CLASS_ID": "VMPP",
            "INVALID_REASON": "V"
          },
          "includeMapped": false,
          "includeDescendants": true
        },
        {
          "isExcluded": false,
          "concept": {
            "INVALID_REASON_CAPTION": "Valid",
            "CONCEPT_ID": 3658353,
            "STANDARD_CONCEPT": "N",
            "CONCEPT_CODE": "38376611000001108",
            "VOCABULARY_ID": "SNOMED",
            "CONCEPT_NAME": "Remdesivir 150mg powder for solution for infusion vials 1 vial",
            "DOMAIN_ID": "Drug",
            "STANDARD_CONCEPT_CAPTION": "Non-Standard",
            "CONCEPT_CLASS_ID": "Pharma/Biol Product",
            "INVALID_REASON": "V"
          },
          "includeMapped": false,
          "includeDescendants": true
        },
        {
          "isExcluded": false,
          "concept": {
            "INVALID_REASON_CAPTION": "Invalid",
            "CONCEPT_ID": 36074077,
            "STANDARD_CONCEPT": "N",
            "CONCEPT_CODE": "OMOP4983394",
            "VOCABULARY_ID": "RxNorm Extension",
            "CONCEPT_NAME": "remdesivir 5 MG/ML",
            "DOMAIN_ID": "Drug",
            "STANDARD_CONCEPT_CAPTION": "Non-Standard",
            "CONCEPT_CLASS_ID": "Clinical Drug Comp",
            "INVALID_REASON": "U"
          },
          "includeMapped": false,
          "includeDescendants": true
        },
        {
          "isExcluded": false,
          "concept": {
            "INVALID_REASON_CAPTION": "Valid",
            "CONCEPT_ID": 1145689,
            "STANDARD_CONCEPT": "S",
            "CONCEPT_CODE": "2367757",
            "VOCABULARY_ID": "RxNorm",
            "CONCEPT_NAME": "remdesivir 5 MG/ML",
            "DOMAIN_ID": "Drug",
            "STANDARD_CONCEPT_CAPTION": "Standard",
            "CONCEPT_CLASS_ID": "Clinical Drug Comp",
            "INVALID_REASON": "V"
          },
          "includeMapped": false,
          "includeDescendants": true
        },
        {
          "isExcluded": false,
          "concept": {
            "INVALID_REASON_CAPTION": "Valid",
            "CONCEPT_ID": 36663421,
            "STANDARD_CONCEPT": "C",
            "CONCEPT_CODE": "7ff82ee8-7d62-4d48-9cd9-466ae6c9e5ba",
            "VOCABULARY_ID": "SPL",
            "CONCEPT_NAME": "remdesivir 5mg/mL / 100mg/1 INTRAVENOUS INJECTION, INJECTION, POWDER, LYOPHILIZED, FOR SOLUTION",
            "DOMAIN_ID": "Drug",
            "STANDARD_CONCEPT_CAPTION": "Classification",
            "CONCEPT_CLASS_ID": "Prescription Drug",
            "INVALID_REASON": "V"
          },
          "includeMapped": false,
          "includeDescendants": true
        },
        {
          "isExcluded": false,
          "concept": {
            "INVALID_REASON_CAPTION": "Valid",
            "CONCEPT_ID": 35116409,
            "STANDARD_CONCEPT": "C",
            "CONCEPT_CODE": "2618c503-ad4f-4c39-9bba-cd1f92ec327d",
            "VOCABULARY_ID": "SPL",
            "CONCEPT_NAME": "remdesivir 5mg/mL / 100mg/1 INTRAVENOUS INJECTION, INJECTION, POWDER, LYOPHILIZED, FOR SOLUTION",
            "DOMAIN_ID": "Drug",
            "STANDARD_CONCEPT_CAPTION": "Classification",
            "CONCEPT_CLASS_ID": "Prescription Drug",
            "INVALID_REASON": "V"
          },
          "includeMapped": false,
          "includeDescendants": true
        },
        {
          "isExcluded": false,
          "concept": {
            "INVALID_REASON_CAPTION": "Valid",
            "CONCEPT_ID": 35111796,
            "STANDARD_CONCEPT": "C",
            "CONCEPT_CODE": "645417b9-d412-452f-9ac9-13bf4e859fef",
            "VOCABULARY_ID": "SPL",
            "CONCEPT_NAME": "remdesivir 5mg/mL / 100mg/1 INTRAVENOUS INJECTION, INJECTION, POWDER, LYOPHILIZED, FOR SOLUTION",
            "DOMAIN_ID": "Drug",
            "STANDARD_CONCEPT_CAPTION": "Classification",
            "CONCEPT_CLASS_ID": "Prescription Drug",
            "INVALID_REASON": "V"
          },
          "includeMapped": false,
          "includeDescendants": true
        },
        {
          "isExcluded": false,
          "concept": {
            "INVALID_REASON_CAPTION": "Valid",
            "CONCEPT_ID": 42795619,
            "STANDARD_CONCEPT": "C",
            "CONCEPT_CODE": "dea84077-b66b-4dc5-b889-3bb85784d209",
            "VOCABULARY_ID": "SPL",
            "CONCEPT_NAME": "remdesivir 5mg/mL / 100mg/1 INTRAVENOUS INJECTION, INJECTION, POWDER, LYOPHILIZED, FOR SOLUTION",
            "DOMAIN_ID": "Drug",
            "STANDARD_CONCEPT_CAPTION": "Classification",
            "CONCEPT_CLASS_ID": "Prescription Drug",
            "INVALID_REASON": "V"
          },
          "includeMapped": false,
          "includeDescendants": true
        },
        {
          "isExcluded": false,
          "concept": {
            "INVALID_REASON_CAPTION": "Valid",
            "CONCEPT_ID": 36373377,
            "STANDARD_CONCEPT": "C",
            "CONCEPT_CODE": "6fa2356a-f909-426d-8d92-29d2e346c046",
            "VOCABULARY_ID": "SPL",
            "CONCEPT_NAME": "remdesivir 5mg/mL / 100mg/1 INTRAVENOUS INJECTION, INJECTION, POWDER, LYOPHILIZED, FOR SOLUTION",
            "DOMAIN_ID": "Drug",
            "STANDARD_CONCEPT_CAPTION": "Classification",
            "CONCEPT_CLASS_ID": "Prescription Drug",
            "INVALID_REASON": "V"
          },
          "includeMapped": false,
          "includeDescendants": true
        },
        {
          "isExcluded": false,
          "concept": {
            "INVALID_REASON_CAPTION": "Valid",
            "CONCEPT_ID": 1212480,
            "STANDARD_CONCEPT": "C",
            "CONCEPT_CODE": "b7010c1b-c1b3-1a8e-e053-2995a90a36ba",
            "VOCABULARY_ID": "SPL",
            "CONCEPT_NAME": "remdesivir 5mg/mL / 100mg/1 INTRAVENOUS INJECTION, INJECTION, POWDER, LYOPHILIZED, FOR SOLUTION [veklury]",
            "DOMAIN_ID": "Drug",
            "STANDARD_CONCEPT_CAPTION": "Classification",
            "CONCEPT_CLASS_ID": "Prescription Drug",
            "INVALID_REASON": "V"
          },
          "includeMapped": false,
          "includeDescendants": true
        },
        {
          "isExcluded": false,
          "concept": {
            "INVALID_REASON_CAPTION": "Valid",
            "CONCEPT_ID": 36074074,
            "STANDARD_CONCEPT": "S",
            "CONCEPT_CODE": "OMOP4983391",
            "VOCABULARY_ID": "RxNorm Extension",
            "CONCEPT_NAME": "remdesivir 5 MG/ML Injectable Solution",
            "DOMAIN_ID": "Drug",
            "STANDARD_CONCEPT_CAPTION": "Standard",
            "CONCEPT_CLASS_ID": "Clinical Drug",
            "INVALID_REASON": "V"
          },
          "includeMapped": false,
          "includeDescendants": true
        },
        {
          "isExcluded": false,
          "concept": {
            "INVALID_REASON_CAPTION": "Valid",
            "CONCEPT_ID": 36074073,
            "STANDARD_CONCEPT": "S",
            "CONCEPT_CODE": "OMOP4983390",
            "VOCABULARY_ID": "RxNorm Extension",
            "CONCEPT_NAME": "remdesivir 5 MG/ML Injectable Solution Box of 1",
            "DOMAIN_ID": "Drug",
            "STANDARD_CONCEPT_CAPTION": "Standard",
            "CONCEPT_CLASS_ID": "Clinical Drug Box",
            "INVALID_REASON": "V"
          },
          "includeMapped": false,
          "includeDescendants": true
        },
        {
          "isExcluded": false,
          "concept": {
            "INVALID_REASON_CAPTION": "Valid",
            "CONCEPT_ID": 36074076,
            "STANDARD_CONCEPT": "S",
            "CONCEPT_CODE": "OMOP4983393",
            "VOCABULARY_ID": "RxNorm Extension",
            "CONCEPT_NAME": "remdesivir 5 MG/ML Injectable Solution [Veklury]",
            "DOMAIN_ID": "Drug",
            "STANDARD_CONCEPT_CAPTION": "Standard",
            "CONCEPT_CLASS_ID": "Branded Drug",
            "INVALID_REASON": "V"
          },
          "includeMapped": false,
          "includeDescendants": true
        },
        {
          "isExcluded": false,
          "concept": {
            "INVALID_REASON_CAPTION": "Valid",
            "CONCEPT_ID": 35896884,
            "STANDARD_CONCEPT": "S",
            "CONCEPT_CODE": "OMOP5041119",
            "VOCABULARY_ID": "RxNorm Extension",
            "CONCEPT_NAME": "remdesivir 5 MG/ML Injectable Solution [Veklury]",
            "DOMAIN_ID": "Drug",
            "STANDARD_CONCEPT_CAPTION": "Standard",
            "CONCEPT_CLASS_ID": "Branded Drug",
            "INVALID_REASON": "V"
          },
          "includeMapped": false,
          "includeDescendants": true
        },
        {
          "isExcluded": false,
          "concept": {
            "INVALID_REASON_CAPTION": "Valid",
            "CONCEPT_ID": 35896883,
            "STANDARD_CONCEPT": "S",
            "CONCEPT_CODE": "OMOP5041118",
            "VOCABULARY_ID": "RxNorm Extension",
            "CONCEPT_NAME": "remdesivir 5 MG/ML Injectable Solution [Veklury] Box of 1",
            "DOMAIN_ID": "Drug",
            "STANDARD_CONCEPT_CAPTION": "Standard",
            "CONCEPT_CLASS_ID": "Branded Drug Box",
            "INVALID_REASON": "V"
          },
          "includeMapped": false,
          "includeDescendants": true
        },
        {
          "isExcluded": false,
          "concept": {
            "INVALID_REASON_CAPTION": "Valid",
            "CONCEPT_ID": 36074075,
            "STANDARD_CONCEPT": "S",
            "CONCEPT_CODE": "OMOP4983392",
            "VOCABULARY_ID": "RxNorm Extension",
            "CONCEPT_NAME": "remdesivir 5 MG/ML Injectable Solution [Veklury] Box of 1",
            "DOMAIN_ID": "Drug",
            "STANDARD_CONCEPT_CAPTION": "Standard",
            "CONCEPT_CLASS_ID": "Branded Drug Box",
            "INVALID_REASON": "V"
          },
          "includeMapped": false,
          "includeDescendants": true
        },
        {
          "isExcluded": false,
          "concept": {
            "INVALID_REASON_CAPTION": "Valid",
            "CONCEPT_ID": 1145690,
            "STANDARD_CONCEPT": "S",
            "CONCEPT_CODE": "2367759",
            "VOCABULARY_ID": "RxNorm",
            "CONCEPT_NAME": "remdesivir 5 MG/ML Injection",
            "DOMAIN_ID": "Drug",
            "STANDARD_CONCEPT_CAPTION": "Standard",
            "CONCEPT_CLASS_ID": "Clinical Drug",
            "INVALID_REASON": "V"
          },
          "includeMapped": false,
          "includeDescendants": true
        },
        {
          "isExcluded": false,
          "concept": {
            "INVALID_REASON_CAPTION": "Valid",
            "CONCEPT_ID": 37002798,
            "STANDARD_CONCEPT": "S",
            "CONCEPT_CODE": "2395505",
            "VOCABULARY_ID": "RxNorm",
            "CONCEPT_NAME": "remdesivir 5 MG/ML Injection [Veklury]",
            "DOMAIN_ID": "Drug",
            "STANDARD_CONCEPT_CAPTION": "Standard",
            "CONCEPT_CLASS_ID": "Branded Drug",
            "INVALID_REASON": "V"
          },
          "includeMapped": false,
          "includeDescendants": true
        },
        {
          "isExcluded": false,
          "concept": {
            "INVALID_REASON_CAPTION": "Valid",
            "CONCEPT_ID": 35113134,
            "STANDARD_CONCEPT": "N",
            "CONCEPT_CODE": "619582902",
            "VOCABULARY_ID": "NDC",
            "CONCEPT_NAME": "remdesivir 5mg/mL INTRAVENOUS INJECTION",
            "DOMAIN_ID": "Drug",
            "STANDARD_CONCEPT_CAPTION": "Non-Standard",
            "CONCEPT_CLASS_ID": "9-digit NDC",
            "INVALID_REASON": "V"
          },
          "includeMapped": false,
          "includeDescendants": true
        },
        {
          "isExcluded": false,
          "concept": {
            "INVALID_REASON_CAPTION": "Invalid",
            "CONCEPT_ID": 36057831,
            "STANDARD_CONCEPT": "N",
            "CONCEPT_CODE": "OMOP4983395",
            "VOCABULARY_ID": "RxNorm Extension",
            "CONCEPT_NAME": "remdesivir 5 MG/ML [Veklury]",
            "DOMAIN_ID": "Drug",
            "STANDARD_CONCEPT_CAPTION": "Non-Standard",
            "CONCEPT_CLASS_ID": "Branded Drug Comp",
            "INVALID_REASON": "U"
          },
          "includeMapped": false,
          "includeDescendants": true
        },
        {
          "isExcluded": false,
          "concept": {
            "INVALID_REASON_CAPTION": "Valid",
            "CONCEPT_ID": 37002797,
            "STANDARD_CONCEPT": "S",
            "CONCEPT_CODE": "2395503",
            "VOCABULARY_ID": "RxNorm",
            "CONCEPT_NAME": "remdesivir 5 MG/ML [Veklury]",
            "DOMAIN_ID": "Drug",
            "STANDARD_CONCEPT_CAPTION": "Standard",
            "CONCEPT_CLASS_ID": "Branded Drug Comp",
            "INVALID_REASON": "V"
          },
          "includeMapped": false,
          "includeDescendants": true
        },
        {
          "isExcluded": false,
          "concept": {
            "INVALID_REASON_CAPTION": "Valid",
            "CONCEPT_ID": 3655943,
            "STANDARD_CONCEPT": "N",
            "CONCEPT_CODE": "870518005",
            "VOCABULARY_ID": "SNOMED",
            "CONCEPT_NAME": "Remdesivir-containing product",
            "DOMAIN_ID": "Drug",
            "STANDARD_CONCEPT_CAPTION": "Non-Standard",
            "CONCEPT_CLASS_ID": "Pharma/Biol Product",
            "INVALID_REASON": "V"
          },
          "includeMapped": false,
          "includeDescendants": true
        },
        {
          "isExcluded": false,
          "concept": {
            "INVALID_REASON_CAPTION": "Valid",
            "CONCEPT_ID": 3655945,
            "STANDARD_CONCEPT": "N",
            "CONCEPT_CODE": "870520008",
            "VOCABULARY_ID": "SNOMED",
            "CONCEPT_NAME": "Remdesivir-containing product in parenteral dose form",
            "DOMAIN_ID": "Drug",
            "STANDARD_CONCEPT_CAPTION": "Non-Standard",
            "CONCEPT_CLASS_ID": "Clinical Drug Form",
            "INVALID_REASON": "V"
          },
          "includeMapped": false,
          "includeDescendants": true
        },
        {
          "isExcluded": false,
          "concept": {
            "INVALID_REASON_CAPTION": "Valid",
            "CONCEPT_ID": 37499273,
            "STANDARD_CONCEPT": "C",
            "CONCEPT_CODE": "2284958",
            "VOCABULARY_ID": "RxNorm",
            "CONCEPT_NAME": "remdesivir Injectable Product",
            "DOMAIN_ID": "Drug",
            "STANDARD_CONCEPT_CAPTION": "Classification",
            "CONCEPT_CLASS_ID": "Clinical Dose Group",
            "INVALID_REASON": "V"
          },
          "includeMapped": false,
          "includeDescendants": true
        },
        {
          "isExcluded": false,
          "concept": {
            "INVALID_REASON_CAPTION": "Valid",
            "CONCEPT_ID": 36057833,
            "STANDARD_CONCEPT": "S",
            "CONCEPT_CODE": "OMOP4983397",
            "VOCABULARY_ID": "RxNorm Extension",
            "CONCEPT_NAME": "remdesivir Injectable Solution",
            "DOMAIN_ID": "Drug",
            "STANDARD_CONCEPT_CAPTION": "Standard",
            "CONCEPT_CLASS_ID": "Clinical Drug Form",
            "INVALID_REASON": "V"
          },
          "includeMapped": false,
          "includeDescendants": true
        },
        {
          "isExcluded": false,
          "concept": {
            "INVALID_REASON_CAPTION": "Valid",
            "CONCEPT_ID": 36057834,
            "STANDARD_CONCEPT": "S",
            "CONCEPT_CODE": "OMOP4983398",
            "VOCABULARY_ID": "RxNorm Extension",
            "CONCEPT_NAME": "remdesivir Injectable Solution [Veklury]",
            "DOMAIN_ID": "Drug",
            "STANDARD_CONCEPT_CAPTION": "Standard",
            "CONCEPT_CLASS_ID": "Branded Drug Form",
            "INVALID_REASON": "V"
          },
          "includeMapped": false,
          "includeDescendants": true
        },
        {
          "isExcluded": false,
          "concept": {
            "INVALID_REASON_CAPTION": "Valid",
            "CONCEPT_ID": 35896885,
            "STANDARD_CONCEPT": "S",
            "CONCEPT_CODE": "OMOP5041120",
            "VOCABULARY_ID": "RxNorm Extension",
            "CONCEPT_NAME": "remdesivir Injectable Solution [Veklury]",
            "DOMAIN_ID": "Drug",
            "STANDARD_CONCEPT_CAPTION": "Standard",
            "CONCEPT_CLASS_ID": "Branded Drug Form",
            "INVALID_REASON": "V"
          },
          "includeMapped": false,
          "includeDescendants": true
        },
        {
          "isExcluded": false,
          "concept": {
            "INVALID_REASON_CAPTION": "Valid",
            "CONCEPT_ID": 37499274,
            "STANDARD_CONCEPT": "S",
            "CONCEPT_CODE": "2284959",
            "VOCABULARY_ID": "RxNorm",
            "CONCEPT_NAME": "remdesivir Injection",
            "DOMAIN_ID": "Drug",
            "STANDARD_CONCEPT_CAPTION": "Standard",
            "CONCEPT_CLASS_ID": "Clinical Drug Form",
            "INVALID_REASON": "V"
          },
          "includeMapped": false,
          "includeDescendants": true
        },
        {
          "isExcluded": false,
          "concept": {
            "INVALID_REASON_CAPTION": "Invalid",
            "CONCEPT_ID": 36057832,
            "STANDARD_CONCEPT": "N",
            "CONCEPT_CODE": "OMOP4983396",
            "VOCABULARY_ID": "RxNorm Extension",
            "CONCEPT_NAME": "remdesivir Injection [Veklury]",
            "DOMAIN_ID": "Drug",
            "STANDARD_CONCEPT_CAPTION": "Non-Standard",
            "CONCEPT_CLASS_ID": "Branded Drug Form",
            "INVALID_REASON": "U"
          },
          "includeMapped": false,
          "includeDescendants": true
        },
        {
          "isExcluded": false,
          "concept": {
            "INVALID_REASON_CAPTION": "Valid",
            "CONCEPT_ID": 37002794,
            "STANDARD_CONCEPT": "S",
            "CONCEPT_CODE": "2395500",
            "VOCABULARY_ID": "RxNorm",
            "CONCEPT_NAME": "remdesivir Injection [Veklury]",
            "DOMAIN_ID": "Drug",
            "STANDARD_CONCEPT_CAPTION": "Standard",
            "CONCEPT_CLASS_ID": "Branded Drug Form",
            "INVALID_REASON": "V"
          },
          "includeMapped": false,
          "includeDescendants": true
        },
        {
          "isExcluded": false,
          "concept": {
            "INVALID_REASON_CAPTION": "Valid",
            "CONCEPT_ID": 3655944,
            "STANDARD_CONCEPT": "N",
            "CONCEPT_CODE": "870519002",
            "VOCABULARY_ID": "SNOMED",
            "CONCEPT_NAME": "Remdesivir only product",
            "DOMAIN_ID": "Drug",
            "STANDARD_CONCEPT_CAPTION": "Non-Standard",
            "CONCEPT_CLASS_ID": "Pharma/Biol Product",
            "INVALID_REASON": "V"
          },
          "includeMapped": false,
          "includeDescendants": true
        },
        {
          "isExcluded": false,
          "concept": {
            "INVALID_REASON_CAPTION": "Valid",
            "CONCEPT_ID": 3655946,
            "STANDARD_CONCEPT": "N",
            "CONCEPT_CODE": "870521007",
            "VOCABULARY_ID": "SNOMED",
            "CONCEPT_NAME": "Remdesivir only product in parenteral dose form",
            "DOMAIN_ID": "Drug",
            "STANDARD_CONCEPT_CAPTION": "Non-Standard",
            "CONCEPT_CLASS_ID": "Clinical Drug Form",
            "INVALID_REASON": "V"
          },
          "includeMapped": false,
          "includeDescendants": true
        },
        {
          "isExcluded": false,
          "concept": {
            "INVALID_REASON_CAPTION": "Valid",
            "CONCEPT_ID": 37294949,
            "STANDARD_CONCEPT": "C",
            "CONCEPT_CODE": "98b7e6bf-2668-4a61-a874-194eb674b15c",
            "VOCABULARY_ID": "SPL",
            "CONCEPT_NAME": "VEKLURY - remdesivir injection",
            "DOMAIN_ID": "Drug",
            "STANDARD_CONCEPT_CAPTION": "Classification",
            "CONCEPT_CLASS_ID": "Prescription Drug",
            "INVALID_REASON": "V"
          },
          "includeMapped": false,
          "includeDescendants": true
        },
        {
          "isExcluded": false,
          "concept": {
            "INVALID_REASON_CAPTION": "Valid",
            "CONCEPT_ID": 36771140,
            "STANDARD_CONCEPT": "C",
            "CONCEPT_CODE": "c0978fa8-53ff-4ca2-82a7-567fd3e958ca",
            "VOCABULARY_ID": "SPL",
            "CONCEPT_NAME": "VEKLURY - remdesivir injection",
            "DOMAIN_ID": "Drug",
            "STANDARD_CONCEPT_CAPTION": "Classification",
            "CONCEPT_CLASS_ID": "Prescription Drug",
            "INVALID_REASON": "V"
          },
          "includeMapped": false,
          "includeDescendants": true
        }
      ]},
      "name": "Remdesivir (EHDEN Use Case)",
      "id": 11
    }
  ],
  "EndStrategy": {"CustomEra": {
    "DrugCodesetId": 11,
    "DaysSupplyOverride": null,
    "GapDays": 30,
    "Offset": 0
  }},
  "cdmVersionRange": ">=5.0.0",
  "CensoringCriteria": [],
  "QualifiedLimit": {"Type": "First"},
  "InclusionRules": [
    {
      "expression": {
        "CriteriaList": [{
          "RestrictVisit": false,
          "StartWindow": {
            "UseEventEnd": false,
            "Start": {
              "Days": 365,
              "Coeff": -1
            },
            "End": {
              "Days": 1,
              "Coeff": -1
            },
            "UseIndexEnd": false
          },
          "IgnoreObservationPeriod": false,
          "EndWindow": null,
          "Criteria": {"DrugExposure": {
            "OccurrenceEndDate": null,
            "CorrelatedCriteria": null,
            "DrugSourceConcept": null,
            "CodesetId": 11,
            "DrugTypeExclude": false,
            "Quantity": null,
            "DrugType": null,
            "ProviderSpecialty": null,
            "EffectiveDrugDose": null,
            "Gender": null,
            "DaysSupply": null,
            "DoseUnit": null,
            "VisitType": null,
            "Refills": null,
            "First": null,
            "OccurrenceStartDate": null,
            "RouteConcept": null,
            "StopReason": null,
            "LotNumber": null,
            "Age": null
          }},
          "Occurrence": {
            "Type": 0,
            "CountColumn": null,
            "IsDistinct": false,
            "Count": 0
          }
        }],
        "Type": "ALL",
        "DemographicCriteriaList": [],
        "Groups": [],
        "Count": null
      },
      "name": "no drugs in 365 days prior to index",
      "description": null
    },
    {
      "expression": {
        "CriteriaList": [{
          "RestrictVisit": false,
          "StartWindow": {
            "UseEventEnd": false,
            "Start": {
              "Days": 30,
              "Coeff": -1
            },
            "End": {
              "Days": 0,
              "Coeff": 1
            },
            "UseIndexEnd": false
          },
          "IgnoreObservationPeriod": false,
          "EndWindow": null,
          "Criteria": {"VisitOccurrence": {
            "OccurrenceEndDate": null,
            "VisitLength": null,
            "CorrelatedCriteria": null,
            "VisitSourceConcept": null,
            "CodesetId": 1,
            "VisitTypeExclude": false,
            "ProviderSpecialty": null,
            "Gender": null,
            "PlaceOfServiceLocation": null,
            "PlaceOfService": null,
            "VisitType": null,
            "First": null,
            "OccurrenceStartDate": null,
            "Age": null
          }},
          "Occurrence": {
            "Type": 2,
            "CountColumn": null,
            "IsDistinct": false,
            "Count": 1
          }
        }],
        "Type": "ALL",
        "DemographicCriteriaList": [],
        "Groups": [],
        "Count": null
      },
      "name": "Inpatient Visit",
      "description": null
    },
    {
      "expression": {
        "CriteriaList": [],
        "Type": "ALL",
        "DemographicCriteriaList": [{
          "Ethnicity": null,
          "OccurrenceEndDate": null,
          "Race": null,
          "Gender": null,
          "OccurrenceStartDate": null,
          "Age": {
            "Op": "gt",
            "Extent": null,
            "Value": 18
          }
        }],
        "Groups": [],
        "Count": null
      },
      "name": "At least 18 years old",
      "description": null
    },
    {
      "expression": {
        "CriteriaList": [
          {
            "RestrictVisit": false,
            "StartWindow": {
              "UseEventEnd": false,
              "Start": {
                "Days": 30,
                "Coeff": -1
              },
              "End": {
                "Days": null,
                "Coeff": 1
              },
              "UseIndexEnd": false
            },
            "IgnoreObservationPeriod": false,
            "EndWindow": {
              "UseEventEnd": false,
              "Start": {
                "Days": null,
                "Coeff": -1
              },
              "End": {
                "Days": 0,
                "Coeff": 1
              },
              "UseIndexEnd": true
            },
            "Criteria": {"Measurement": {
              "Operator": null,
              "RangeHigh": null,
              "MeasurementTypeExclude": false,
              "ValueAsConcept": null,
              "CorrelatedCriteria": null,
              "RangeHighRatio": null,
              "CodesetId": 5,
              "ProviderSpecialty": null,
              "Gender": null,
              "Unit": null,
              "RangeLowRatio": null,
              "MeasurementType": null,
              "MeasurementSourceConcept": null,
              "VisitType": null,
              "ValueAsNumber": null,
              "First": null,
              "OccurrenceStartDate": null,
              "RangeLow": null,
              "Abnormal": null,
              "Age": null
            }},
            "Occurrence": {
              "Type": 2,
              "CountColumn": null,
              "IsDistinct": false,
              "Count": 1
            }
          },
          {
            "RestrictVisit": false,
            "StartWindow": {
              "UseEventEnd": false,
              "Start": {
                "Days": 30,
                "Coeff": -1
              },
              "End": {
                "Days": null,
                "Coeff": 1
              },
              "UseIndexEnd": false
            },
            "IgnoreObservationPeriod": false,
            "EndWindow": {
              "UseEventEnd": false,
              "Start": {
                "Days": null,
                "Coeff": -1
              },
              "End": {
                "Days": 0,
                "Coeff": 1
              },
              "UseIndexEnd": true
            },
            "Criteria": {"Measurement": {
              "Operator": null,
              "RangeHigh": null,
              "MeasurementTypeExclude": false,
              "ValueAsConcept": [
                {
                  "INVALID_REASON_CAPTION": "Unknown",
                  "CONCEPT_ID": 4126681,
                  "STANDARD_CONCEPT": null,
                  "CONCEPT_CODE": "260373001",
                  "VOCABULARY_ID": "SNOMED",
                  "CONCEPT_NAME": "Detected",
                  "DOMAIN_ID": "Meas Value",
                  "STANDARD_CONCEPT_CAPTION": "Unknown",
                  "CONCEPT_CLASS_ID": null,
                  "INVALID_REASON": null
                },
                {
                  "INVALID_REASON_CAPTION": "Unknown",
                  "CONCEPT_ID": 45877985,
                  "STANDARD_CONCEPT": null,
                  "CONCEPT_CODE": "LA11882-0",
                  "VOCABULARY_ID": "LOINC",
                  "CONCEPT_NAME": "Detected",
                  "DOMAIN_ID": "Meas Value",
                  "STANDARD_CONCEPT_CAPTION": "Unknown",
                  "CONCEPT_CLASS_ID": null,
                  "INVALID_REASON": null
                },
                {
                  "INVALID_REASON_CAPTION": "Unknown",
                  "CONCEPT_ID": 9191,
                  "STANDARD_CONCEPT": null,
                  "CONCEPT_CODE": "10828004",
                  "VOCABULARY_ID": "SNOMED",
                  "CONCEPT_NAME": "Positive",
                  "DOMAIN_ID": "Meas Value",
                  "STANDARD_CONCEPT_CAPTION": "Unknown",
                  "CONCEPT_CLASS_ID": null,
                  "INVALID_REASON": null
                },
                {
                  "INVALID_REASON_CAPTION": "Unknown",
                  "CONCEPT_ID": 45884084,
                  "STANDARD_CONCEPT": null,
                  "CONCEPT_CODE": "LA6576-8",
                  "VOCABULARY_ID": "LOINC",
                  "CONCEPT_NAME": "Positive",
                  "DOMAIN_ID": "Meas Value",
                  "STANDARD_CONCEPT_CAPTION": "Unknown",
                  "CONCEPT_CLASS_ID": null,
                  "INVALID_REASON": null
                },
                {
                  "INVALID_REASON_CAPTION": "Unknown",
                  "CONCEPT_ID": 4181412,
                  "STANDARD_CONCEPT": null,
                  "CONCEPT_CODE": "52101004",
                  "VOCABULARY_ID": "SNOMED",
                  "CONCEPT_NAME": "Present",
                  "DOMAIN_ID": "Meas Value",
                  "STANDARD_CONCEPT_CAPTION": "Unknown",
                  "CONCEPT_CLASS_ID": null,
                  "INVALID_REASON": null
                },
                {
                  "INVALID_REASON_CAPTION": "Unknown",
                  "CONCEPT_ID": 45879438,
                  "STANDARD_CONCEPT": null,
                  "CONCEPT_CODE": "LA9633-4",
                  "VOCABULARY_ID": "LOINC",
                  "CONCEPT_NAME": "Present",
                  "DOMAIN_ID": "Meas Value",
                  "STANDARD_CONCEPT_CAPTION": "Unknown",
                  "CONCEPT_CLASS_ID": null,
                  "INVALID_REASON": null
                }
              ],
              "CorrelatedCriteria": null,
              "RangeHighRatio": null,
              "CodesetId": 6,
              "ProviderSpecialty": null,
              "Gender": null,
              "Unit": null,
              "RangeLowRatio": null,
              "MeasurementType": null,
              "MeasurementSourceConcept": null,
              "VisitType": null,
              "ValueAsNumber": null,
              "First": null,
              "OccurrenceStartDate": null,
              "RangeLow": null,
              "Abnormal": null,
              "Age": null
            }},
            "Occurrence": {
              "Type": 2,
              "CountColumn": null,
              "IsDistinct": false,
              "Count": 1
            }
          },
          {
            "RestrictVisit": false,
            "StartWindow": {
              "UseEventEnd": false,
              "Start": {
                "Days": 30,
                "Coeff": -1
              },
              "End": {
                "Days": null,
                "Coeff": 1
              },
              "UseIndexEnd": false
            },
            "IgnoreObservationPeriod": false,
            "EndWindow": {
              "UseEventEnd": false,
              "Start": {
                "Days": null,
                "Coeff": -1
              },
              "End": {
                "Days": 0,
                "Coeff": 1
              },
              "UseIndexEnd": true
            },
            "Criteria": {"Observation": {
              "ValueAsConcept": [
                {
                  "INVALID_REASON_CAPTION": "Unknown",
                  "CONCEPT_ID": 4126681,
                  "STANDARD_CONCEPT": null,
                  "CONCEPT_CODE": "260373001",
                  "VOCABULARY_ID": "SNOMED",
                  "CONCEPT_NAME": "Detected",
                  "DOMAIN_ID": "Meas Value",
                  "STANDARD_CONCEPT_CAPTION": "Unknown",
                  "CONCEPT_CLASS_ID": null,
                  "INVALID_REASON": null
                },
                {
                  "INVALID_REASON_CAPTION": "Unknown",
                  "CONCEPT_ID": 45877985,
                  "STANDARD_CONCEPT": null,
                  "CONCEPT_CODE": "LA11882-0",
                  "VOCABULARY_ID": "LOINC",
                  "CONCEPT_NAME": "Detected",
                  "DOMAIN_ID": "Meas Value",
                  "STANDARD_CONCEPT_CAPTION": "Unknown",
                  "CONCEPT_CLASS_ID": null,
                  "INVALID_REASON": null
                },
                {
                  "INVALID_REASON_CAPTION": "Unknown",
                  "CONCEPT_ID": 9191,
                  "STANDARD_CONCEPT": null,
                  "CONCEPT_CODE": "10828004",
                  "VOCABULARY_ID": "SNOMED",
                  "CONCEPT_NAME": "Positive",
                  "DOMAIN_ID": "Meas Value",
                  "STANDARD_CONCEPT_CAPTION": "Unknown",
                  "CONCEPT_CLASS_ID": null,
                  "INVALID_REASON": null
                },
                {
                  "INVALID_REASON_CAPTION": "Unknown",
                  "CONCEPT_ID": 45884084,
                  "STANDARD_CONCEPT": null,
                  "CONCEPT_CODE": "LA6576-8",
                  "VOCABULARY_ID": "LOINC",
                  "CONCEPT_NAME": "Positive",
                  "DOMAIN_ID": "Meas Value",
                  "STANDARD_CONCEPT_CAPTION": "Unknown",
                  "CONCEPT_CLASS_ID": null,
                  "INVALID_REASON": null
                },
                {
                  "INVALID_REASON_CAPTION": "Unknown",
                  "CONCEPT_ID": 4181412,
                  "STANDARD_CONCEPT": null,
                  "CONCEPT_CODE": "52101004",
                  "VOCABULARY_ID": "SNOMED",
                  "CONCEPT_NAME": "Present",
                  "DOMAIN_ID": "Meas Value",
                  "STANDARD_CONCEPT_CAPTION": "Unknown",
                  "CONCEPT_CLASS_ID": null,
                  "INVALID_REASON": null
                },
                {
                  "INVALID_REASON_CAPTION": "Unknown",
                  "CONCEPT_ID": 45879438,
                  "STANDARD_CONCEPT": null,
                  "CONCEPT_CODE": "LA9633-4",
                  "VOCABULARY_ID": "LOINC",
                  "CONCEPT_NAME": "Present",
                  "DOMAIN_ID": "Meas Value",
                  "STANDARD_CONCEPT_CAPTION": "Unknown",
                  "CONCEPT_CLASS_ID": null,
                  "INVALID_REASON": null
                }
              ],
              "ObservationType": null,
              "CorrelatedCriteria": null,
              "ObservationTypeExclude": false,
              "ValueAsString": null,
              "CodesetId": 6,
              "ProviderSpecialty": null,
              "Gender": null,
              "Unit": null,
              "ObservationSourceConcept": null,
              "VisitType": null,
              "ValueAsNumber": null,
              "Qualifier": null,
              "First": null,
              "OccurrenceStartDate": null,
              "Age": null
            }},
            "Occurrence": {
              "Type": 2,
              "CountColumn": null,
              "IsDistinct": false,
              "Count": 1
            }
          },
          {
            "RestrictVisit": false,
            "StartWindow": {
              "UseEventEnd": false,
              "Start": {
                "Days": 30,
                "Coeff": -1
              },
              "End": {
                "Days": null,
                "Coeff": 1
              },
              "UseIndexEnd": false
            },
            "IgnoreObservationPeriod": false,
            "EndWindow": {
              "UseEventEnd": false,
              "Start": {
                "Days": null,
                "Coeff": -1
              },
              "End": {
                "Days": 0,
                "Coeff": 1
              },
              "UseIndexEnd": false
            },
            "Criteria": {"ConditionOccurrence": {
              "OccurrenceEndDate": null,
              "CorrelatedCriteria": null,
              "ConditionTypeExclude": false,
              "CodesetId": 7,
              "ProviderSpecialty": null,
              "Gender": null,
              "VisitType": null,
              "First": null,
              "OccurrenceStartDate": null,
              "ConditionType": null,
              "ConditionSourceConcept": null,
              "ConditionStatus": null,
              "StopReason": null,
              "Age": null
            }},
            "Occurrence": {
              "Type": 2,
              "CountColumn": null,
              "IsDistinct": false,
              "Count": 1
            }
          }
        ],
        "Type": "ANY",
        "DemographicCriteriaList": [],
        "Groups": [],
        "Count": null
      },
      "name": "COVID-19 Infection",
      "description": null
    },
    {
      "expression": {
        "CriteriaList": [{
          "RestrictVisit": false,
          "StartWindow": {
            "UseEventEnd": false,
            "Start": {
              "Days": 30,
              "Coeff": -1
            },
            "End": {
              "Days": 0,
              "Coeff": 1
            },
            "UseIndexEnd": false
          },
          "IgnoreObservationPeriod": false,
          "EndWindow": null,
          "Criteria": {"Observation": {
            "ValueAsConcept": null,
            "ObservationType": null,
            "CorrelatedCriteria": null,
            "ObservationTypeExclude": false,
            "ValueAsString": null,
            "CodesetId": 4,
            "ProviderSpecialty": null,
            "Gender": null,
            "Unit": null,
            "ObservationSourceConcept": null,
            "VisitType": null,
            "ValueAsNumber": null,
            "Qualifier": null,
            "First": null,
            "OccurrenceStartDate": null,
            "Age": null
          }},
          "Occurrence": {
            "Type": 0,
            "CountColumn": null,
            "IsDistinct": false,
            "Count": 0
          }
        }],
        "Type": "ALL",
        "DemographicCriteriaList": [],
        "Groups": [],
        "Count": null
      },
      "name": "No discharge before index start",
      "description": null
    }
  ],
  "PrimaryCriteria": {
    "CriteriaList": [{"DrugExposure": {
      "OccurrenceEndDate": null,
      "CorrelatedCriteria": null,
      "DrugSourceConcept": null,
      "CodesetId": 11,
      "DrugTypeExclude": true,
      "Quantity": null,
      "DrugType": null,
      "ProviderSpecialty": null,
      "EffectiveDrugDose": null,
      "Gender": null,
      "DaysSupply": null,
      "DoseUnit": null,
      "VisitType": null,
      "Refills": null,
      "First": null,
      "OccurrenceStartDate": {
        "Op": "gte",
        "Extent": null,
        "Value": "2020-01-01"
      },
      "RouteConcept": null,
      "StopReason": null,
      "LotNumber": null,
      "Age": null
    }}],
    "PrimaryCriteriaLimit": {"Type": "First"},
    "ObservationWindow": {
      "PostDays": 0,
      "PriorDays": 365
    }
  }
}