{
  "ExpressionLimit": {"Type": "All"},
  "CollapseSettings": {
    "CollapseType": "ERA",
    "EraPad": 30
  },
  "CensorWindow": {
    "StartDate": null,
    "EndDate": null
  },
  "ConceptSets": [{
    "expression": {"items": [
      {
        "isExcluded": false,
        "concept": {
          "INVALID_REASON_CAPTION": "Valid",
          "CONCEPT_ID": 37395517,
          "STANDARD_CONCEPT": "S",
          "CONCEPT_CODE": "1048491000000106",
          "VOCABULARY_ID": "SNOMED",
          "CONCEPT_NAME": "Acute kidney injury due to acute tubular necrosis due to sepsis",
          "DOMAIN_ID": "Condition",
          "STANDARD_CONCEPT_CAPTION": "Standard",
          "CONCEPT_CLASS_ID": "Clinical Finding",
          "INVALID_REASON": "V"
        },
        "includeMapped": false,
        "includeDescendants": true
      },
      {
        "isExcluded": false,
        "concept": {
          "INVALID_REASON_CAPTION": "Valid",
          "CONCEPT_ID": 36716312,
          "STANDARD_CONCEPT": "S",
          "CONCEPT_CODE": "722278006",
          "VOCABULARY_ID": "SNOMED",
          "CONCEPT_NAME": "Acute kidney injury due to sepsis",
          "DOMAIN_ID": "Condition",
          "STANDARD_CONCEPT_CAPTION": "Standard",
          "CONCEPT_CLASS_ID": "Clinical Finding",
          "INVALID_REASON": "V"
        },
        "includeMapped": false,
        "includeDescendants": true
      },
      {
        "isExcluded": false,
        "concept": {
          "INVALID_REASON_CAPTION": "Valid",
          "CONCEPT_ID": 40487101,
          "STANDARD_CONCEPT": "S",
          "CONCEPT_CODE": "447931005",
          "VOCABULARY_ID": "SNOMED",
          "CONCEPT_NAME": "Clinical sepsis",
          "DOMAIN_ID": "Condition",
          "STANDARD_CONCEPT_CAPTION": "Standard",
          "CONCEPT_CLASS_ID": "Clinical Finding",
          "INVALID_REASON": "V"
        },
        "includeMapped": false,
        "includeDescendants": true
      },
      {
        "isExcluded": false,
        "concept": {
          "INVALID_REASON_CAPTION": "Valid",
          "CONCEPT_ID": 4205449,
          "STANDARD_CONCEPT": "S",
          "CONCEPT_CODE": "55528005",
          "VOCABULARY_ID": "SNOMED",
          "CONCEPT_NAME": "Menosepsis",
          "DOMAIN_ID": "Condition",
          "STANDARD_CONCEPT_CAPTION": "Standard",
          "CONCEPT_CLASS_ID": "Clinical Finding",
          "INVALID_REASON": "V"
        },
        "includeMapped": false,
        "includeDescendants": true
      },
      {
        "isExcluded": false,
        "concept": {
          "INVALID_REASON_CAPTION": "Valid",
          "CONCEPT_ID": 4085627,
          "STANDARD_CONCEPT": "S",
          "CONCEPT_CODE": "18613002",
          "VOCABULARY_ID": "SNOMED",
          "CONCEPT_NAME": "Miscarriage with septic shock",
          "DOMAIN_ID": "Condition",
          "STANDARD_CONCEPT_CAPTION": "Standard",
          "CONCEPT_CLASS_ID": "Clinical Finding",
          "INVALID_REASON": "V"
        },
        "includeMapped": false,
        "includeDescendants": true
      },
      {
        "isExcluded": false,
        "concept": {
          "INVALID_REASON_CAPTION": "Valid",
          "CONCEPT_ID": 4204036,
          "STANDARD_CONCEPT": "S",
          "CONCEPT_CODE": "308887002",
          "VOCABULARY_ID": "SNOMED",
          "CONCEPT_NAME": "Postprocedural intra-abdominal sepsis",
          "DOMAIN_ID": "Condition",
          "STANDARD_CONCEPT_CAPTION": "Standard",
          "CONCEPT_CLASS_ID": "Clinical Finding",
          "INVALID_REASON": "V"
        },
        "includeMapped": false,
        "includeDescendants": true
      },
      {
        "isExcluded": false,
        "concept": {
          "INVALID_REASON_CAPTION": "Valid",
          "CONCEPT_ID": 4066124,
          "STANDARD_CONCEPT": "S",
          "CONCEPT_CODE": "200195002",
          "VOCABULARY_ID": "SNOMED",
          "CONCEPT_NAME": "Puerperal septicemia - delivered with postnatal complication",
          "DOMAIN_ID": "Condition",
          "STANDARD_CONCEPT_CAPTION": "Standard",
          "CONCEPT_CLASS_ID": "Clinical Finding",
          "INVALID_REASON": "V"
        },
        "includeMapped": false,
        "includeDescendants": true
      },
      {
        "isExcluded": false,
        "concept": {
          "INVALID_REASON_CAPTION": "Valid",
          "CONCEPT_ID": 132797,
          "STANDARD_CONCEPT": "S",
          "CONCEPT_CODE": "91302008",
          "VOCABULARY_ID": "SNOMED",
          "CONCEPT_NAME": "Sepsis",
          "DOMAIN_ID": "Condition",
          "STANDARD_CONCEPT_CAPTION": "Standard",
          "CONCEPT_CLASS_ID": "Clinical Finding",
          "INVALID_REASON": "V"
        },
        "includeMapped": false,
        "includeDescendants": true
      },
      {
        "isExcluded": false,
        "concept": {
          "INVALID_REASON_CAPTION": "Valid",
          "CONCEPT_ID": 4029281,
          "STANDARD_CONCEPT": "S",
          "CONCEPT_CODE": "238150007",
          "VOCABULARY_ID": "SNOMED",
          "CONCEPT_NAME": "Sepsis syndrome",
          "DOMAIN_ID": "Condition",
          "STANDARD_CONCEPT_CAPTION": "Standard",
          "CONCEPT_CLASS_ID": "Clinical Finding",
          "INVALID_REASON": "V"
        },
        "includeMapped": false,
        "includeDescendants": true
      },
      {
        "isExcluded": false,
        "concept": {
          "INVALID_REASON_CAPTION": "Valid",
          "CONCEPT_ID": 4046106,
          "STANDARD_CONCEPT": "S",
          "CONCEPT_CODE": "230361008",
          "VOCABULARY_ID": "SNOMED",
          "CONCEPT_NAME": "Sepsis-associated encephalopathy",
          "DOMAIN_ID": "Condition",
          "STANDARD_CONCEPT_CAPTION": "Standard",
          "CONCEPT_CLASS_ID": "Clinical Finding",
          "INVALID_REASON": "V"
        },
        "includeMapped": false,
        "includeDescendants": true
      },
      {
        "isExcluded": false,
        "concept": {
          "INVALID_REASON_CAPTION": "Valid",
          "CONCEPT_ID": 4119941,
          "STANDARD_CONCEPT": "S",
          "CONCEPT_CODE": "233812001",
          "VOCABULARY_ID": "SNOMED",
          "CONCEPT_NAME": "Sepsis-associated lung injury",
          "DOMAIN_ID": "Condition",
          "STANDARD_CONCEPT_CAPTION": "Standard",
          "CONCEPT_CLASS_ID": "Clinical Finding",
          "INVALID_REASON": "V"
        },
        "includeMapped": false,
        "includeDescendants": true
      },
      {
        "isExcluded": false,
        "concept": {
          "INVALID_REASON_CAPTION": "Valid",
          "CONCEPT_ID": 4031168,
          "STANDARD_CONCEPT": "S",
          "CONCEPT_CODE": "238151006",
          "VOCABULARY_ID": "SNOMED",
          "CONCEPT_NAME": "Sepsis-associated organ dysfunction",
          "DOMAIN_ID": "Condition",
          "STANDARD_CONCEPT_CAPTION": "Standard",
          "CONCEPT_CLASS_ID": "Clinical Finding",
          "INVALID_REASON": "V"
        },
        "includeMapped": false,
        "includeDescendants": true
      },
      {
        "isExcluded": false,
        "concept": {
          "INVALID_REASON_CAPTION": "Valid",
          "CONCEPT_ID": 196236,
          "STANDARD_CONCEPT": "S",
          "CONCEPT_CODE": "76571007",
          "VOCABULARY_ID": "SNOMED",
          "CONCEPT_NAME": "Septic shock",
          "DOMAIN_ID": "Condition",
          "STANDARD_CONCEPT_CAPTION": "Standard",
          "CONCEPT_CLASS_ID": "Clinical Finding",
          "INVALID_REASON": "V"
        },
        "includeMapped": false,
        "includeDescendants": true
      },
      {
        "isExcluded": false,
        "concept": {
          "INVALID_REASON_CAPTION": "Valid",
          "CONCEPT_ID": 434821,
          "STANDARD_CONCEPT": "S",
          "CONCEPT_CODE": "238149007",
          "VOCABULARY_ID": "SNOMED",
          "CONCEPT_NAME": "Systemic inflammatory response syndrome",
          "DOMAIN_ID": "Condition",
          "STANDARD_CONCEPT_CAPTION": "Standard",
          "CONCEPT_CLASS_ID": "Clinical Finding",
          "INVALID_REASON": "V"
        },
        "includeMapped": false,
        "includeDescendants": true
      },
      {
        "isExcluded": false,
        "concept": {
          "INVALID_REASON_CAPTION": "Valid",
          "CONCEPT_ID": 36716754,
          "STANDARD_CONCEPT": "S",
          "CONCEPT_CODE": "722926003",
          "VOCABULARY_ID": "SNOMED",
          "CONCEPT_NAME": "Transient neonatal neutropenia due to neonatal bacterial sepsis",
          "DOMAIN_ID": "Condition",
          "STANDARD_CONCEPT_CAPTION": "Standard",
          "CONCEPT_CLASS_ID": "Clinical Finding",
          "INVALID_REASON": "V"
        },
        "includeMapped": false,
        "includeDescendants": true
      }
    ]},
    "name": "Sepsis",
    "id": 5
  }],
  "EndStrategy": {"DateOffset": {
    "DateField": "EndDate",
    "Offset": 1
  }},
  "cdmVersionRange": ">=5.0.0",
  "CensoringCriteria": [],
  "QualifiedLimit": {"Type": "All"},
  "InclusionRules": [],
  "PrimaryCriteria": {
    "CriteriaList": [{"ConditionOccurrence": {
      "OccurrenceEndDate": null,
      "CorrelatedCriteria": null,
      "ConditionTypeExclude": false,
      "CodesetId": 5,
      "ProviderSpecialty": null,
      "Gender": null,
      "VisitType": null,
      "First": null,
      "OccurrenceStartDate": null,
      "ConditionType": null,
      "ConditionSourceConcept": null,
      "ConditionStatus": null,
      "StopReason": null,
      "Age": null
    }}],
    "PrimaryCriteriaLimit": {"Type": "All"},
    "ObservationWindow": {
      "PostDays": 0,
      "PriorDays": 0
    }
  }
}