{
  "ExpressionLimit": {"Type": "All"},
  "CollapseSettings": {
    "CollapseType": "ERA",
    "EraPad": 30
  },
  "CensorWindow": {
    "StartDate": null,
    "EndDate": null
  },
  "ConceptSets": [{
    "expression": {"items": [
      {
        "isExcluded": true,
        "concept": {
          "INVALID_REASON_CAPTION": "Valid",
          "CONCEPT_ID": 435616,
          "STANDARD_CONCEPT": "S",
          "CONCEPT_CODE": "17263003",
          "VOCABULARY_ID": "SNOMED",
          "CONCEPT_NAME": "Amniotic fluid embolism",
          "DOMAIN_ID": "Condition",
          "STANDARD_CONCEPT_CAPTION": "Standard",
          "CONCEPT_CLASS_ID": "Clinical Finding",
          "INVALID_REASON": "V"
        },
        "includeMapped": false,
        "includeDescendants": true
      },
      {
        "isExcluded": true,
        "concept": {
          "INVALID_REASON_CAPTION": "Valid",
          "CONCEPT_ID": 435887,
          "STANDARD_CONCEPT": "S",
          "CONCEPT_CODE": "49956009",
          "VOCABULARY_ID": "SNOMED",
          "CONCEPT_NAME": "Antepartum deep vein thrombosis",
          "DOMAIN_ID": "Condition",
          "STANDARD_CONCEPT_CAPTION": "Standard",
          "CONCEPT_CLASS_ID": "Clinical Finding",
          "INVALID_REASON": "V"
        },
        "includeMapped": false,
        "includeDescendants": true
      },
      {
        "isExcluded": true,
        "concept": {
          "INVALID_REASON_CAPTION": "Valid",
          "CONCEPT_ID": 196715,
          "STANDARD_CONCEPT": "S",
          "CONCEPT_CODE": "82385007",
          "VOCABULARY_ID": "SNOMED",
          "CONCEPT_NAME": "Budd-Chiari syndrome",
          "DOMAIN_ID": "Condition",
          "STANDARD_CONCEPT_CAPTION": "Standard",
          "CONCEPT_CLASS_ID": "Clinical Finding",
          "INVALID_REASON": "V"
        },
        "includeMapped": false,
        "includeDescendants": true
      },
      {
        "isExcluded": true,
        "concept": {
          "INVALID_REASON_CAPTION": "Valid",
          "CONCEPT_ID": 4062269,
          "STANDARD_CONCEPT": "S",
          "CONCEPT_CODE": "200259003",
          "VOCABULARY_ID": "SNOMED",
          "CONCEPT_NAME": "Cerebral venous thrombosis in pregnancy",
          "DOMAIN_ID": "Condition",
          "STANDARD_CONCEPT_CAPTION": "Standard",
          "CONCEPT_CLASS_ID": "Clinical Finding",
          "INVALID_REASON": "V"
        },
        "includeMapped": false,
        "includeDescendants": true
      },
      {
        "isExcluded": false,
        "concept": {
          "INVALID_REASON_CAPTION": "Valid",
          "CONCEPT_ID": 40481089,
          "STANDARD_CONCEPT": "S",
          "CONCEPT_CODE": "444816006",
          "VOCABULARY_ID": "SNOMED",
          "CONCEPT_NAME": "Embolism from thrombosis of vein of lower extremity",
          "DOMAIN_ID": "Condition",
          "STANDARD_CONCEPT_CAPTION": "Standard",
          "CONCEPT_CLASS_ID": "Clinical Finding",
          "INVALID_REASON": "V"
        },
        "includeMapped": false,
        "includeDescendants": true
      },
      {
        "isExcluded": true,
        "concept": {
          "INVALID_REASON_CAPTION": "Valid",
          "CONCEPT_ID": 442055,
          "STANDARD_CONCEPT": "S",
          "CONCEPT_CODE": "200286003",
          "VOCABULARY_ID": "SNOMED",
          "CONCEPT_NAME": "Obstetric air pulmonary embolism",
          "DOMAIN_ID": "Condition",
          "STANDARD_CONCEPT_CAPTION": "Standard",
          "CONCEPT_CLASS_ID": "Clinical Finding",
          "INVALID_REASON": "V"
        },
        "includeMapped": false,
        "includeDescendants": true
      },
      {
        "isExcluded": true,
        "concept": {
          "INVALID_REASON_CAPTION": "Valid",
          "CONCEPT_ID": 433832,
          "STANDARD_CONCEPT": "S",
          "CONCEPT_CODE": "200299000",
          "VOCABULARY_ID": "SNOMED",
          "CONCEPT_NAME": "Obstetric blood-clot pulmonary embolism",
          "DOMAIN_ID": "Condition",
          "STANDARD_CONCEPT_CAPTION": "Standard",
          "CONCEPT_CLASS_ID": "Clinical Finding",
          "INVALID_REASON": "V"
        },
        "includeMapped": false,
        "includeDescendants": true
      },
      {
        "isExcluded": true,
        "concept": {
          "INVALID_REASON_CAPTION": "Valid",
          "CONCEPT_ID": 435026,
          "STANDARD_CONCEPT": "S",
          "CONCEPT_CODE": "200284000",
          "VOCABULARY_ID": "SNOMED",
          "CONCEPT_NAME": "Obstetric pulmonary embolism",
          "DOMAIN_ID": "Condition",
          "STANDARD_CONCEPT_CAPTION": "Standard",
          "CONCEPT_CLASS_ID": "Clinical Finding",
          "INVALID_REASON": "V"
        },
        "includeMapped": false,
        "includeDescendants": true
      },
      {
        "isExcluded": true,
        "concept": {
          "INVALID_REASON_CAPTION": "Valid",
          "CONCEPT_ID": 440477,
          "STANDARD_CONCEPT": "S",
          "CONCEPT_CODE": "267284008",
          "VOCABULARY_ID": "SNOMED",
          "CONCEPT_NAME": "Obstetric pyemic and septic pulmonary embolism",
          "DOMAIN_ID": "Condition",
          "STANDARD_CONCEPT_CAPTION": "Standard",
          "CONCEPT_CLASS_ID": "Clinical Finding",
          "INVALID_REASON": "V"
        },
        "includeMapped": false,
        "includeDescendants": true
      },
      {
        "isExcluded": true,
        "concept": {
          "INVALID_REASON_CAPTION": "Valid",
          "CONCEPT_ID": 318137,
          "STANDARD_CONCEPT": "S",
          "CONCEPT_CODE": "192753009",
          "VOCABULARY_ID": "SNOMED",
          "CONCEPT_NAME": "Phlebitis and thrombophlebitis of intracranial sinuses",
          "DOMAIN_ID": "Condition",
          "STANDARD_CONCEPT_CAPTION": "Standard",
          "CONCEPT_CLASS_ID": "Clinical Finding",
          "INVALID_REASON": "V"
        },
        "includeMapped": false,
        "includeDescendants": true
      },
      {
        "isExcluded": true,
        "concept": {
          "INVALID_REASON_CAPTION": "Valid",
          "CONCEPT_ID": 199837,
          "STANDARD_CONCEPT": "S",
          "CONCEPT_CODE": "17920008",
          "VOCABULARY_ID": "SNOMED",
          "CONCEPT_NAME": "Portal vein thrombosis",
          "DOMAIN_ID": "Condition",
          "STANDARD_CONCEPT_CAPTION": "Standard",
          "CONCEPT_CLASS_ID": "Clinical Finding",
          "INVALID_REASON": "V"
        },
        "includeMapped": false,
        "includeDescendants": true
      },
      {
        "isExcluded": true,
        "concept": {
          "INVALID_REASON_CAPTION": "Valid",
          "CONCEPT_ID": 438820,
          "STANDARD_CONCEPT": "S",
          "CONCEPT_CODE": "56272000",
          "VOCABULARY_ID": "SNOMED",
          "CONCEPT_NAME": "Postpartum deep phlebothrombosis",
          "DOMAIN_ID": "Condition",
          "STANDARD_CONCEPT_CAPTION": "Standard",
          "CONCEPT_CLASS_ID": "Clinical Finding",
          "INVALID_REASON": "V"
        },
        "includeMapped": false,
        "includeDescendants": true
      },
      {
        "isExcluded": false,
        "concept": {
          "INVALID_REASON_CAPTION": "Valid",
          "CONCEPT_ID": 440417,
          "STANDARD_CONCEPT": "S",
          "CONCEPT_CODE": "59282003",
          "VOCABULARY_ID": "SNOMED",
          "CONCEPT_NAME": "Pulmonary embolism",
          "DOMAIN_ID": "Condition",
          "STANDARD_CONCEPT_CAPTION": "Standard",
          "CONCEPT_CLASS_ID": "Clinical Finding",
          "INVALID_REASON": "V"
        },
        "includeMapped": false,
        "includeDescendants": true
      },
      {
        "isExcluded": false,
        "concept": {
          "INVALID_REASON_CAPTION": "Valid",
          "CONCEPT_ID": 254662,
          "STANDARD_CONCEPT": "S",
          "CONCEPT_CODE": "64662007",
          "VOCABULARY_ID": "SNOMED",
          "CONCEPT_NAME": "Pulmonary infarction",
          "DOMAIN_ID": "Condition",
          "STANDARD_CONCEPT_CAPTION": "Standard",
          "CONCEPT_CLASS_ID": "Clinical Finding",
          "INVALID_REASON": "V"
        },
        "includeMapped": false,
        "includeDescendants": true
      },
      {
        "isExcluded": true,
        "concept": {
          "INVALID_REASON_CAPTION": "Valid",
          "CONCEPT_ID": 4235812,
          "STANDARD_CONCEPT": "S",
          "CONCEPT_CODE": "439731006",
          "VOCABULARY_ID": "SNOMED",
          "CONCEPT_NAME": "Septic thrombophlebitis",
          "DOMAIN_ID": "Condition",
          "STANDARD_CONCEPT_CAPTION": "Standard",
          "CONCEPT_CLASS_ID": "Clinical Finding",
          "INVALID_REASON": "V"
        },
        "includeMapped": false,
        "includeDescendants": true
      },
      {
        "isExcluded": true,
        "concept": {
          "INVALID_REASON_CAPTION": "Valid",
          "CONCEPT_ID": 195294,
          "STANDARD_CONCEPT": "S",
          "CONCEPT_CODE": "75955007",
          "VOCABULARY_ID": "SNOMED",
          "CONCEPT_NAME": "Thrombosed hemorrhoids",
          "DOMAIN_ID": "Condition",
          "STANDARD_CONCEPT_CAPTION": "Standard",
          "CONCEPT_CLASS_ID": "Clinical Finding",
          "INVALID_REASON": "V"
        },
        "includeMapped": false,
        "includeDescendants": true
      },
      {
        "isExcluded": true,
        "concept": {
          "INVALID_REASON_CAPTION": "Valid",
          "CONCEPT_ID": 4187790,
          "STANDARD_CONCEPT": "S",
          "CONCEPT_CODE": "46085004",
          "VOCABULARY_ID": "SNOMED",
          "CONCEPT_NAME": "Thrombosis of retinal vein",
          "DOMAIN_ID": "Condition",
          "STANDARD_CONCEPT_CAPTION": "Standard",
          "CONCEPT_CLASS_ID": "Clinical Finding",
          "INVALID_REASON": "V"
        },
        "includeMapped": false,
        "includeDescendants": true
      },
      {
        "isExcluded": false,
        "concept": {
          "INVALID_REASON_CAPTION": "Valid",
          "CONCEPT_ID": 318775,
          "STANDARD_CONCEPT": "S",
          "CONCEPT_CODE": "234049002",
          "VOCABULARY_ID": "SNOMED",
          "CONCEPT_NAME": "Venous embolism",
          "DOMAIN_ID": "Condition",
          "STANDARD_CONCEPT_CAPTION": "Standard",
          "CONCEPT_CLASS_ID": "Clinical Finding",
          "INVALID_REASON": "V"
        },
        "includeMapped": false,
        "includeDescendants": true
      },
      {
        "isExcluded": false,
        "concept": {
          "INVALID_REASON_CAPTION": "Valid",
          "CONCEPT_ID": 444247,
          "STANDARD_CONCEPT": "S",
          "CONCEPT_CODE": "111293003",
          "VOCABULARY_ID": "SNOMED",
          "CONCEPT_NAME": "Venous thrombosis",
          "DOMAIN_ID": "Condition",
          "STANDARD_CONCEPT_CAPTION": "Standard",
          "CONCEPT_CLASS_ID": "Clinical Finding",
          "INVALID_REASON": "V"
        },
        "includeMapped": false,
        "includeDescendants": true
      },
      {
        "isExcluded": false,
        "concept": {
          "INVALID_REASON_CAPTION": "Valid",
          "CONCEPT_ID": 36713113,
          "STANDARD_CONCEPT": "S",
          "CONCEPT_CODE": "328511000119109",
          "VOCABULARY_ID": "SNOMED",
          "CONCEPT_NAME": "Saddle embolus of pulmonary artery",
          "DOMAIN_ID": "Condition",
          "STANDARD_CONCEPT_CAPTION": "Standard",
          "CONCEPT_CLASS_ID": "Clinical Finding",
          "INVALID_REASON": "V"
        },
        "includeMapped": false,
        "includeDescendants": true
      },
      {
        "isExcluded": false,
        "concept": {
          "INVALID_REASON_CAPTION": "Valid",
          "CONCEPT_ID": 35615055,
          "STANDARD_CONCEPT": "S",
          "CONCEPT_CODE": "15964701000119109",
          "VOCABULARY_ID": "SNOMED",
          "CONCEPT_NAME": "Saddle embolus of pulmonary artery with acute cor pulmonale",
          "DOMAIN_ID": "Condition",
          "STANDARD_CONCEPT_CAPTION": "Standard",
          "CONCEPT_CLASS_ID": "Clinical Finding",
          "INVALID_REASON": "V"
        },
        "includeMapped": false,
        "includeDescendants": true
      }
    ]},
    "name": "Venous thromboembolism (pulmonary embolism and deep vein thrombosis)",
    "id": 11
  }],
  "EndStrategy": {"DateOffset": {
    "DateField": "EndDate",
    "Offset": 1
  }},
  "cdmVersionRange": ">=5.0.0",
  "CensoringCriteria": [],
  "QualifiedLimit": {"Type": "First"},
  "InclusionRules": [],
  "PrimaryCriteria": {
    "CriteriaList": [{"ConditionOccurrence": {
      "OccurrenceEndDate": null,
      "CorrelatedCriteria": null,
      "ConditionTypeExclude": false,
      "CodesetId": 11,
      "ProviderSpecialty": null,
      "Gender": null,
      "VisitType": null,
      "First": null,
      "OccurrenceStartDate": null,
      "ConditionType": null,
      "ConditionSourceConcept": null,
      "ConditionStatus": null,
      "StopReason": null,
      "Age": null
    }}],
    "PrimaryCriteriaLimit": {"Type": "All"},
    "ObservationWindow": {
      "PostDays": 0,
      "PriorDays": 0
    }
  }
}