{
  "outputIdOffset": 10000,
  "precision": 0.01,
  "riskWindowStart": 0,
  "control": {
    "maxIterations": 1000,
    "autoSearch": true,
    "seed": 1,
    "initialBound": 2,
    "gridSteps": 10,
    "threads": 1,
    "startingVariance": 0.01,
    "useKKTSwindle": false,
    "lowerLimit": 0.01,
    "attr_class": "cyclopsControl",
    "cvRepetitions": 1,
    "noiseLevel": "quiet",
    "fold": 10,
    "minCVData": 100,
    "resetCoefficients": false,
    "upperLimit": 20,
    "cvType": "auto",
    "selectorType": "auto",
    "convergenceType": "gradient",
    "tuneSwindle": 10,
    "maxBoundCount": 5,
    "tolerance": 1.0E-6,
    "algorithm": "ccd"
  },
  "washoutPeriod": 365,
  "modelType": "survival",
  "addExposureDaysToEnd": true,
  "minOutcomeCountForModel": 50,
  "firstOutcomeOnly": false,
  "maxSubjectsForModel": 250000,
  "minOutcomeCountForInjection": 25,
  "prior": {
    "variance": [1],
    "useCrossValidation": true,
    "priorType": "laplace",
    "exclude": [0],
    "neighborhood": null,
    "attr_class": "cyclopsPrior",
    "forceIntercept": false,
    "graph": null
  },
  "effectSizes": [
    1.5,
    2,
    4
  ],
  "covariateSettings": {
    "VisitCountMediumTerm": false,
    "ObservationShortTerm": true,
    "shortTermStartDays": -30,
    "MeasurementRangeGroupShortTerm": false,
    "ConditionOccurrenceLongTerm": false,
    "DrugEraStartLongTerm": false,
    "VisitCountShortTerm": false,
    "Chads2Vasc": true,
    "ConditionGroupEraStartLongTerm": false,
    "ConditionEraShortTerm": false,
    "Dcsi": true,
    "DrugGroupEraLongTerm": true,
    "DrugGroupEraShortTerm": true,
    "ConditionEraStartLongTerm": false,
    "temporal": false,
    "DemographicsIndexMonth": true,
    "ConditionOccurrencePrimaryInpatientLongTerm": false,
    "ConditionEraAnyTimePrior": false,
    "addDescendantsToInclude": false,
    "ConditionGroupEraStartMediumTerm": false,
    "ProcedureOccurrenceLongTerm": true,
    "DrugExposureLongTerm": false,
    "DrugEraStartShortTerm": false,
    "DistinctIngredientCountMediumTerm": false,
    "DistinctMeasurementCountShortTerm": false,
    "MeasurementRangeGroupLongTerm": true,
    "ConditionGroupEraOverlapping": false,
    "attr_fun": "getDbDefaultCovariateData",
    "MeasurementRangeGroupMediumTerm": false,
    "DrugGroupEraStartMediumTerm": false,
    "MeasurementAnyTimePrior": false,
    "MeasurementMediumTerm": false,
    "includedCovariateIds": [],
    "ConditionOccurrenceAnyTimePrior": false,
    "DistinctConditionCountLongTerm": false,
    "MeasurementValueLongTerm": false,
    "DrugEraShortTerm": false,
    "DrugGroupEraAnyTimePrior": false,
    "DrugEraOverlapping": false,
    "ConditionOccurrencePrimaryInpatientAnyTimePrior": false,
    "ConditionEraMediumTerm": false,
    "ConditionEraOverlapping": false,
    "ConditionEraStartShortTerm": false,
    "ObservationAnyTimePrior": false,
    "VisitConceptCountShortTerm": false,
    "DemographicsEthnicity": true,
    "DistinctIngredientCountLongTerm": false,
    "ConditionOccurrencePrimaryInpatientShortTerm": false,
    "DemographicsAgeGroup": true,
    "DistinctProcedureCountShortTerm": false,
    "DistinctObservationCountMediumTerm": false,
    "includedCovariateConceptIds": [],
    "DrugGroupEraStartShortTerm": false,
    "addDescendantsToExclude": false,
    "DrugEraLongTerm": false,
    "DistinctConditionCountShortTerm": false,
    "ConditionGroupEraShortTerm": true,
    "ConditionEraStartMediumTerm": false,
    "VisitCountLongTerm": false,
    "DemographicsRace": true,
    "ProcedureOccurrenceAnyTimePrior": false,
    "DistinctObservationCountLongTerm": false,
    "attr_class": "covariateSettings",
    "ProcedureOccurrenceMediumTerm": false,
    "CharlsonIndex": true,
    "DemographicsPriorObservationTime": false,
    "MeasurementShortTerm": true,
    "DistinctProcedureCountMediumTerm": false,
    "ConditionEraLongTerm": false,
    "DrugGroupEraStartLongTerm": false,
    "DemographicsGender": true,
    "DeviceExposureAnyTimePrior": false,
    "ObservationLongTerm": true,
    "DemographicsIndexYearMonth": false,
    "ConditionOccurrenceMediumTerm": false,
    "longTermStartDays": -365,
    "DemographicsAge": false,
    "DrugGroupEraOverlapping": true,
    "DistinctMeasurementCountLongTerm": false,
    "MeasurementRangeGroupAnyTimePrior": false,
    "DistinctConditionCountMediumTerm": false,
    "DrugGroupEraMediumTerm": false,
    "ProcedureOccurrenceShortTerm": true,
    "ObservationMediumTerm": false,
    "ConditionGroupEraAnyTimePrior": false,
    "Chads2": true,
    "DrugExposureAnyTimePrior": false,
    "DeviceExposureLongTerm": true,
    "DemographicsTimeInCohort": false,
    "DistinctMeasurementCountMediumTerm": false,
    "MeasurementValueShortTerm": false,
    "DeviceExposureMediumTerm": false,
    "ConditionGroupEraStartShortTerm": false,
    "ConditionOccurrencePrimaryInpatientMediumTerm": false,
    "MeasurementLongTerm": true,
    "DemographicsIndexYear": true,
    "MeasurementValueMediumTerm": false,
    "DrugEraStartMediumTerm": false,
    "MeasurementValueAnyTimePrior": false,
    "DistinctObservationCountShortTerm": false,
    "DrugEraMediumTerm": false,
    "ConditionGroupEraLongTerm": true,
    "DrugExposureShortTerm": false,
    "DistinctIngredientCountShortTerm": false,
    "DeviceExposureShortTerm": true,
    "mediumTermStartDays": -180,
    "DemographicsPostObservationTime": false,
    "VisitConceptCountLongTerm": false,
    "VisitConceptCountMediumTerm": false,
    "excludedCovariateConceptIds": [],
    "ConditionGroupEraMediumTerm": false,
    "DrugExposureMediumTerm": false,
    "DistinctProcedureCountLongTerm": false,
    "DrugEraAnyTimePrior": false,
    "endDays": 0,
    "ConditionOccurrenceShortTerm": false
  },
  "riskWindowEnd": 30,
  "firstExposureOnly": true,
  "removePeopleWithPriorOutcomes": false
}